version,git_commit,data_source,device,solver_name,sample_size,feature_dim,pop_size,fit_time_s,converged,iter_num,compile_time_fraction,final_loss,final_grad_max
latest,660e47a,synthetic,cpu,newton-cholesky[sklearn],1000,1,1,0.00197417531162495,True,2.0,0.0,,
latest,660e47a,synthetic,cpu,newton-cholesky[sklearn],10000,1,1,0.00228406560490832,True,2.0,0.0,,
latest,660e47a,synthetic,cpu,newton-cholesky[sklearn],100,10,1,0.00234503970132204,True,3.0,0.0,,
latest,660e47a,synthetic,cpu,newton-cholesky[sklearn],100,1,1,0.0044070768984965395,True,2.0,0.0,,
latest,660e47a,synthetic,cpu,newton-cholesky[sklearn],10000,10,1,0.00490953458938743,True,3.0,0.0,,
latest,660e47a,synthetic,cpu,newton-cholesky[sklearn],100,100,1,0.00527406560722734,True,9.0,0.0,,
latest,660e47a,synthetic,cpu,newton-cholesky[sklearn],1000,1,10,0.010352172795683099,True,19.0,0.0,,
latest,660e47a,synthetic,cpu,newton-cholesky[sklearn],10000,1,10,0.0130726514908019,True,19.0,0.0,,
latest,660e47a,synthetic,cpu,newton-cholesky[sklearn],1000,1,20,0.02021924310247409,True,41.0,0.0,,
latest,660e47a,synthetic,cpu,newton-cholesky[sklearn],100,1,20,0.02079293259885158,True,49.0,0.0,,
latest,660e47a,synthetic,cpu,newton-cholesky[sklearn],100,10,20,0.025426689710002337,True,66.0,0.0,,
latest,660e47a,synthetic,cpu,newton-cholesky[sklearn],10000,1,20,0.026250394090311553,True,41.0,0.0,,
latest,660e47a,synthetic,cpu,newton-cholesky[sklearn],1000,10,20,0.02681379149435085,True,60.0,0.0,,
latest,660e47a,synthetic,cpu,newton-cholesky[sklearn],100,10,10,0.027318750991253127,True,33.0,0.0,,
latest,660e47a,synthetic,cpu,newton-cholesky[sklearn],1000,10,10,0.03418618369614701,True,30.0,0.0,,
latest,660e47a,synthetic,cpu,newton-cholesky[sklearn],1000,100,1,0.034553028299706,True,5.0,0.0,,
latest,660e47a,synthetic,cpu,newton-cholesky[sklearn],100,1,10,0.04279596640262747,True,21.0,0.0,,
latest,660e47a,synthetic,cpu,newton-cholesky[sklearn],1000,10,1,0.04676626010332252,True,3.0,0.0,,
latest,660e47a,synthetic,cpu,newton-cholesky[sklearn],100,100,10,0.04718367129098619,True,85.0,0.0,,
latest,660e47a,synthetic,cpu,newton-cholesky[sklearn],100000,1,1,0.04887862461036999,True,2.0,0.0,,
latest,660e47a,synthetic,cpu,newton-cholesky[sklearn],10000,10,20,0.06390573339886027,True,61.0,0.0,,
latest,660e47a,synthetic,cpu,newton-cholesky[sklearn],100,100,20,0.08132109171128828,True,167.0,0.0,,
latest,660e47a,synthetic,cpu,newton-cholesky[sklearn],10000,10,10,0.0882636045920662,True,30.0,0.0,,
latest,660e47a,synthetic,cpu,newton-cholesky[sklearn],100000,10,1,0.1115697007917333,True,3.0,0.0,,
latest,660e47a,synthetic,cpu,LBFGS[scipy],100,1,1,0.20985246049240228,True,3.0,0.0,0.981420422750916,5.266361509364409e-07
latest,660e47a,synthetic,cpu,LBFGS[scipy],1000,1,1,0.2204103056923486,True,4.0,0.0,0.9859889394744232,1.8207607279253479e-10
latest,660e47a,synthetic,cpu,LBFGS[scipy],10000,1,1,0.22493066120659927,True,4.0,0.0,0.9913677483947885,4.468223983076592e-08
latest,660e47a,synthetic,cpu,LBFGS[scipy],100000,1,1,0.25064004040323196,True,4.0,0.0,0.9930599438631736,2.607593888612561e-07
latest,660e47a,synthetic,cpu,LBFGS[scipy],1000,10,1,0.2513075296010356,True,6.0,0.0,0.9638889796970872,9.20445778905266e-07
latest,660e47a,synthetic,cpu,LBFGS[scipy],10000,10,1,0.25410496880649586,True,6.0,0.0,0.9596526696220444,8.829076130997034e-08
latest,660e47a,synthetic,cpu,LBFGS[scipy],1000,10,10,0.2694379640975967,True,9.0,0.0,9.36989132548848,7.710746059732241e-07
latest,660e47a,synthetic,cpu,LBFGS[scipy],100,1,20,0.27363183420966375,True,8.0,0.0,19.50871546032144,8.467029706183326e-07
latest,660e47a,synthetic,cpu,LBFGS[scipy],100,10,1,0.2747793247108347,True,10.0,0.0,0.9680628623843439,3.6373170103397377e-07
latest,660e47a,synthetic,gpu,LBFGS[scipy],100,1,1,0.2749047968885861,True,3.0,0.0,0.9814204227509155,5.266361509624617e-07
latest,660e47a,synthetic,cpu,LBFGS[scipy],100,1,10,0.2758575283922255,True,8.0,0.0,9.734940360643018,4.2343302437803894e-07
latest,660e47a,synthetic,cpu,LBFGS[scipy],1000,1,20,0.27766082389862273,True,8.0,0.0,19.738105070346297,9.861399748772501e-08
latest,660e47a,synthetic,cpu,LBFGS[scipy],1000,1,10,0.2781793946109246,True,6.0,0.0,9.881816950316596,1.1844847168750844e-07
latest,660e47a,synthetic,cpu,LBFGS[scipy],10000,1,10,0.2805535603081807,True,5.0,0.0,9.919048421391908,4.644280027222811e-07
latest,660e47a,synthetic,cpu,LBFGS[scipy],100000,10,1,0.29534913090756154,True,5.0,0.0,0.9643608129129035,5.624369984179333e-07
latest,660e47a,synthetic,gpu,LBFGS[scipy],1000,1,1,0.3042415033007273,True,4.0,0.0,0.9859889394744232,1.8207606800849267e-10
latest,660e47a,synthetic,cpu,LBFGS[scipy],10000,100,1,0.3042614127043634,True,11.0,0.0,-0.2173810365607471,7.587940025734967e-07
latest,660e47a,synthetic,gpu,LBFGS[scipy],100000,1,1,0.3079325223807245,True,4.0,0.0,0.9930599438631736,2.607593888619066e-07
latest,660e47a,synthetic,cpu,LBFGS[scipy],10000,10,10,0.31147075361222953,True,9.0,0.0,9.400467400487528,4.3920810709023605e-07
latest,660e47a,synthetic,cpu,LBFGS[scipy],1000,10,20,0.31322811950230967,True,12.0,0.0,18.715454669007205,1.7600508682772117e-07
latest,660e47a,synthetic,cpu,LBFGS[scipy],10000,1,20,0.3171530413033906,True,7.0,0.0,19.781649798909186,1.714703095713802e-07
latest,660e47a,synthetic,gpu,LBFGS[scipy],10000,1,1,0.31734611169085836,True,4.0,0.0,0.9913677483947885,4.468223983163328e-08
latest,660e47a,synthetic,cpu,LBFGS[scipy],100,10,10,0.3258756202005315,True,18.0,0.0,8.807686810953724,9.287192966588855e-07
latest,660e47a,synthetic,cpu,BFGS[optimistix],10000,1,1,0.3269326809037011,True,6.0,0.912661811820216,0.9913677483947868,6.690424071958273e-11
latest,660e47a,synthetic,cpu,BFGS[optimistix],1000,1,1,0.33978853220469313,True,6.0,0.925411245125531,0.9859889394744229,4.519203107734978e-09
latest,660e47a,synthetic,cpu,BFGS[optimistix],100,1,1,0.3456823739921674,True,37.0,0.9275906984031685,0.9814204227507404,2.6284909346402873e-09
latest,660e47a,synthetic,cpu,ProximalGradient[optimistix],1000,1,1,0.34612449309206567,True,9.0,0.9139051548426472,0.986042433334082,1.8730134860038726e-07
latest,660e47a,synthetic,cpu,LBFGS[scipy],1000,100,1,0.34751162619795645,True,22.0,0.0,-0.331523560262393,7.953189080495262e-07
latest,660e47a,synthetic,gpu,LBFGS[scipy],1000,10,1,0.3499553297995589,True,6.0,0.0,0.9638889796970871,9.20445778922559e-07
latest,660e47a,synthetic,cpu,ProximalGradient[optimistix],10000,1,1,0.3518939502013381,True,9.0,0.8454027300578308,0.9914321328153737,2.0799506565433867e-07
latest,660e47a,synthetic,cpu,ProximalGradient[optimistix],100,1,1,0.3521596848964691,True,11.0,0.9188535213983109,0.9814779135879054,1.0235166773156848e-06
latest,660e47a,synthetic,cpu,BFGS[optimistix],100000,1,1,0.3552763429877813,True,6.0,0.8939251389083196,0.993059943863124,1.194256716590303e-09
latest,660e47a,synthetic,cpu,LBFGS[scipy],10000,10,20,0.35553830240387463,True,10.0,0.0,18.76252283847376,6.22451101792024e-07
latest,660e47a,synthetic,gpu,LBFGS[scipy],100000,10,1,0.3558425144001376,True,5.0,0.0,0.9643608129129031,5.624369984282332e-07
latest,660e47a,synthetic,cpu,GradientDescent[optimistix],1000,1,1,0.359331482910784,True,9.0,0.9061924885851893,0.9859889394744432,1.855037480735951e-07
latest,660e47a,synthetic,cpu,GradientDescent[optimistix],10000,1,1,0.3648882707988378,True,9.0,0.8446835104767978,0.9913677483948329,2.0898285937684814e-07
latest,660e47a,synthetic,cpu,LBFGS[scipy],100,10,20,0.3704050278000067,True,22.0,0.0,17.452847676205938,7.522588319226059e-07
latest,660e47a,synthetic,cpu,GradientDescent[optimistix],1000,10,1,0.3725745217001531,True,16.0,0.907035860064016,0.9638889796949144,4.160345858381445e-07
latest,660e47a,synthetic,gpu,LBFGS[scipy],10000,1,10,0.37298367740586397,True,5.0,0.0,9.919048421391908,4.644280027145289e-07
latest,660e47a,synthetic,cpu,ProximalGradient[optimistix],1000,10,1,0.37480476681375874,True,15.0,0.9154797265171812,0.9644091949659088,7.686797492455558e-07
latest,660e47a,synthetic,cpu,GradientDescent[optimistix],100,1,1,0.3755942908115685,True,11.0,0.9107529783633981,0.9814204227514418,1.010482280476899e-06
latest,660e47a,synthetic,cpu,Newton[nemos],10000,1,1,0.37666949508129616,True,3.0,0.9617353269416913,0.991367748394787,2.675236768223677e-12
latest,660e47a,synthetic,gpu,LBFGS[scipy],1000,1,10,0.3787309955980163,True,6.0,0.0,9.881816950316596,1.1844847168197901e-07
latest,660e47a,synthetic,cpu,ProximalGradient[optimistix],100,10,1,0.3796191057073883,True,25.0,0.9183466932518393,0.9686112635193279,0.0018934382750345
latest,660e47a,synthetic,gpu,LBFGS[scipy],1000,10,10,0.3804130744072608,True,9.0,0.0,9.36989132548848,7.710746060268108e-07
latest,660e47a,synthetic,cpu,GradientDescent[optimistix],10000,10,1,0.3815690894902218,True,16.0,0.8845895990492402,0.9596526696221905,3.334516813499676e-07
latest,660e47a,synthetic,cpu,ProximalGradient[optimistix],1000,10,10,0.38291070560226215,True,28.0,0.8743950955697697,9.378434232537712,2.034684718592306e-07
latest,660e47a,synthetic,cpu,ProximalGradient[optimistix],10000,10,1,0.3830574357998557,True,16.0,0.8890745652358369,0.960289753316587,3.21371958224596e-07
latest,660e47a,synthetic,cpu,GradientDescent[optimistix],1000,10,10,0.38368794389534744,True,28.0,0.8658647852209731,9.369891325484154,2.0970555049144168e-07
latest,660e47a,synthetic,gpu,LBFGS[scipy],100,1,20,0.3850852889008819,True,8.0,0.0,19.50871546032144,8.46702970625651e-07
latest,660e47a,synthetic,cpu,BFGS[optimistix],100,10,1,0.38654079860425555,True,12.0,0.911979337169433,0.968062862383895,8.991807214183324e-08
latest,660e47a,synthetic,gpu,LBFGS[scipy],10000,10,1,0.3891327457036823,True,6.0,0.0,0.9596526696220448,8.829076132214051e-08
latest,660e47a,synthetic,gpu,LBFGS[scipy],100,10,1,0.38926342919585294,True,10.0,0.0,0.9680628623843439,3.637317010683023e-07
latest,660e47a,synthetic,cpu,GradientDescent[optimistix],100,10,1,0.3895473835989833,True,28.0,0.908957618615586,0.968062862384001,2.428772094952708e-07
latest,660e47a,synthetic,gpu,LBFGS[scipy],100000,100,1,0.39033973917830733,True,9.0,0.0,-0.1414054757587819,1.605179977974048e-07
latest,660e47a,synthetic,cpu,BFGS[optimistix],10000,10,1,0.3911383127968292,True,7.0,0.9024897851062091,0.9596526696220286,8.839840321687358e-09
latest,660e47a,synthetic,cpu,Newton[nemos],100,1,1,0.3913764255994465,True,3.0,0.9869945319571016,0.9814204227507404,1.4406037398152077e-12
latest,660e47a,synthetic,gpu,LBFGS[scipy],1000,1,20,0.39342943358933546,True,8.0,0.0,19.738105070346297,9.861399753236706e-08
latest,660e47a,synthetic,cpu,ProximalGradient[optimistix],100,1,10,0.3941996250010561,True,21.0,0.9154136961260184,9.736087933973067,0.0001642656547392
latest,660e47a,synthetic,cpu,ProximalGradient[optimistix],100,10,10,0.3950024146935902,True,80.0,0.8890341558206576,8.8192034342748,0.0016304245493370998
latest,660e47a,synthetic,cpu,GradientDescent[optimistix],100,1,10,0.39520985330455005,True,21.0,0.9068933306833709,9.73494036064266,4.1793640120774686e-07
latest,660e47a,synthetic,cpu,newton-cholesky[sklearn],100000,100,1,0.39644932849332687,True,4.0,0.0,,
latest,660e47a,synthetic,cpu,GradientDescent[optimistix],100,10,10,0.3973657042079139,True,80.0,0.8810542307112559,8.807686810947628,8.636319408297788e-07
latest,660e47a,synthetic,cpu,BFGS[optimistix],1000,10,1,0.3994148920988664,True,9.0,0.9131664497480086,0.9638889796946166,4.322879268196328e-08
latest,660e47a,synthetic,cpu,GradientDescent[optimistix],1000,1,10,0.40112647101050236,True,13.0,0.8839771432036446,9.881816950316574,1.190556838063378e-07
latest,660e47a,synthetic,cpu,Newton[nemos],1000,1,1,0.4021713372960221,True,3.0,0.9858549499676273,0.9859889394744232,6.348259591615335e-13
latest,660e47a,synthetic,cpu,ProximalGradient[optimistix],1000,1,10,0.40249178750091225,True,13.0,0.8935769558711752,9.882525369768867,1.1917497539336297e-07
latest,660e47a,synthetic,cpu,GradientDescent[optimistix],1000,100,1,0.40270385418552906,True,112.0,0.8671588561472315,-0.3315235602619963,1.4908035047399989e-06
latest,660e47a,synthetic,cpu,Newton[nemos],1000,10,1,0.40322915399447073,True,3.0,0.9739362687636414,0.9638889796946193,9.445696213649518e-08
latest,660e47a,synthetic,cpu,BFGS[optimistix],100,100,1,0.4034224823117255,True,251.0,0.8855531977576689,-1.0257125067146662,1.4501777657405582e-08
latest,660e47a,synthetic,gpu,LBFGS[scipy],10000,1,20,0.40421371400007045,True,7.0,0.0,19.781649798909186,1.7147030955625558e-07
latest,660e47a,synthetic,cpu,GradientDescent[optimistix],100,1,20,0.40700170850614076,True,22.0,0.9024505411858212,19.508715460329277,2.2321265907055982e-06
latest,660e47a,synthetic,cpu,BFGS[optimistix],1000,10,10,0.40862471400178035,True,12.0,0.8993638685027332,9.36989132548398,4.44562200017061e-08
latest,660e47a,synthetic,cpu,BFGS[optimistix],1000,1,10,0.4086548328807112,True,8.0,0.914081671799235,9.88181695031656,2.3940244980869003e-08
latest,660e47a,synthetic,cpu,BFGS[optimistix],1000,100,1,0.4088815231923945,True,39.0,0.9018134941450355,-0.3315235602683803,1.9866138433362425e-07
latest,660e47a,synthetic,gpu,LBFGS[scipy],100000,1,10,0.4106952794827521,True,5.0,0.0,9.922374712917428,7.278011608837095e-07
latest,660e47a,synthetic,cpu,BFGS[optimistix],100,10,10,0.41159132539760324,True,21.0,0.9040420656346683,8.807686810942853,4.3790091317484105e-08
latest,660e47a,synthetic,cpu,BFGS[optimistix],100,1,10,0.4122176610981114,True,11.0,0.9187543025337688,9.734940360642408,4.6675392025447846e-08
latest,660e47a,synthetic,cpu,GradientDescent[optimistix],1000,1,20,0.41386834060540423,True,20.0,0.8574296392400885,19.73810507034904,8.902794400566654e-07
latest,660e47a,synthetic,cpu,Newton[nemos],100000,1,1,0.4154375804879236,True,3.0,0.9298414556763921,0.993059943863124,3.451644352281403e-12
latest,660e47a,synthetic,cpu,Newton[nemos],10000,10,1,0.41596707330900246,True,3.0,0.9498626192268723,0.9596526696220803,3.04112112492266e-07
latest,660e47a,synthetic,cpu,Newton[nemos],100,10,1,0.4159767047909554,True,3.0,0.9780512773921775,0.9680628623838906,6.919014145806846e-08
latest,660e47a,synthetic,cpu,ProximalGradient[optimistix],100000,1,1,0.41662922870600594,True,9.0,0.7312563929301787,0.9931254620310028,1.23106098616748e-07
latest,660e47a,synthetic,gpu,LBFGS[scipy],10000,100,1,0.4167583158996422,True,11.0,0.0,-0.2173810365607471,7.587940025910607e-07
latest,660e47a,synthetic,cpu,Newton[nemos],100,100,1,0.4189158884983044,True,11.0,0.9689290867184596,-1.025712506712649,5.036191273440158e-08
latest,660e47a,synthetic,cpu,ProximalGradient[optimistix],1000,100,1,0.4199300220934674,True,104.0,0.8808563368004103,-0.3226744528237267,1.7117665571560192e-06
latest,660e47a,synthetic,cpu,BFGS[optimistix],100,1,20,0.420213948196033,True,12.0,0.9166643886994409,19.50871546031976,2.0221820915439533e-08
latest,660e47a,synthetic,gpu,LBFGS[scipy],10000,10,10,0.42062988380203026,True,9.0,0.0,9.400467400487525,4.3920810708980237e-07
latest,660e47a,synthetic,gpu,LBFGS[scipy],100,1,10,0.42084208017913627,True,8.0,0.0,9.734940360643018,4.2343302436944653e-07
latest,660e47a,synthetic,cpu,ProximalGradient[optimistix],100,1,20,0.42161099800141527,True,25.0,0.9134206049990945,19.51153830844901,3.7675438233964777e-07
latest,660e47a,synthetic,cpu,ProximalGradient[optimistix],100,10,20,0.422950507706264,True,89.0,0.8633059870317421,17.476004757870665,0.0009083651337342998
latest,660e47a,synthetic,cpu,ProximalGradient[optimistix],1000,10,20,0.42368799161049536,True,31.0,0.8384719146938476,18.732032497261944,1.4361819821590016e-07
latest,660e47a,synthetic,cpu,LBFGS[scipy],100000,1,10,0.42569415720063253,True,5.0,0.0,9.922374712917426,7.27801160890811e-07
latest,660e47a,synthetic,cpu,GradientDescent[optimistix],100000,1,1,0.4261330222012475,True,9.0,0.7310499642993402,0.9930599438631408,1.2568917620667946e-07
latest,660e47a,synthetic,cpu,BFGS[optimistix],10000,100,1,0.4272076081018895,True,19.0,0.8718172361858217,-0.2173810365645299,6.13665989338116e-08
latest,660e47a,synthetic,cpu,LBFGS[scipy],100000,100,1,0.4291705549112521,True,9.0,0.0,-0.141405475758782,1.6051799781513154e-07
latest,660e47a,synthetic,gpu,LBFGS[scipy],100000,1,20,0.4293371304054744,True,7.0,0.0,19.786024827106274,3.584733772446828e-07
latest,660e47a,synthetic,cpu,GradientDescent[optimistix],1000,10,20,0.4324760821997188,True,32.0,0.8311401845756006,18.71545466900724,2.2386216248261598e-07
latest,660e47a,synthetic,cpu,ProximalGradient[optimistix],1000,1,20,0.43276497930055485,True,20.0,0.8647078953263974,19.740073430563942,8.753610394852084e-07
latest,660e47a,synthetic,cpu,Newton[nemos],1000,100,1,0.4329407213954255,True,6.0,0.9421595584986576,-0.3315235602685145,5.423723043222143e-10
latest,660e47a,synthetic,cpu,GradientDescent[optimistix],100,10,20,0.43409778469358573,True,99.0,0.8510570531915436,17.452847676200822,8.274942437727639e-07
latest,660e47a,synthetic,cpu,BFGS[optimistix],1000,1,20,0.4345139677985571,True,9.0,0.9109020397634691,19.73810507034629,1.7958581111782168e-08
latest,660e47a,synthetic,cpu,BFGS[optimistix],10000,10,10,0.43512389360694215,True,12.0,0.8564316949632635,9.400467400486605,5.465643890603665e-08
latest,660e47a,synthetic,cpu,BFGS[optimistix],100000,10,1,0.435181465203641,True,7.0,0.8691168037028382,0.9643608129123976,5.983699318588443e-09
latest,660e47a,synthetic,cpu,GradientDescent[optimistix],100,100,1,0.43846813078853303,False,4000.0,0.739507624760742,-1.0257124574444056,3.5628646366814027e-06
latest,660e47a,synthetic,cpu,Newton[nemos],1000,10,10,0.44021278209402226,True,4.0,0.9576276836323823,9.369891325483977,1.136064912282686e-09
latest,660e47a,synthetic,cpu,ProximalGradient[optimistix],100,100,1,0.4403653210029006,False,4000.0,0.7481157153370461,-1.0001442499792812,0.0017723580625428
latest,660e47a,synthetic,cpu,BFGS[optimistix],10000,1,20,0.44148839330882766,True,9.0,0.8822703315101247,19.781649798909104,2.2839836506241204e-08
latest,660e47a,synthetic,cpu,BFGS[optimistix],10000,1,10,0.4417983775900211,True,8.0,0.8942084495166671,9.919048421391544,7.373258985136912e-09
latest,660e47a,synthetic,cpu,Newton[nemos],100,1,10,0.4430321243882645,True,4.0,0.9870419878877463,9.7349403606424,1.0298995217847967e-11
latest,660e47a,synthetic,cpu,newton-cholesky[sklearn],100000,1,10,0.44359498880803583,True,19.0,0.0,,
latest,660e47a,synthetic,cpu,SVRG[nemos],100,1,1,0.44600391559069974,True,1771.0,0.728020439065623,0.981420422750747,9.85043002882808e-08
latest,660e47a,synthetic,cpu,Newton[nemos],1000,1,10,0.4464730133069679,True,3.0,0.9720320245658357,9.881816950316562,6.462564270531823e-08
latest,660e47a,synthetic,gpu,LBFGS[scipy],100000,10,10,0.448510713194264,True,9.0,0.0,9.4116407348546,3.200444512285023e-07
latest,660e47a,synthetic,cpu,BFGS[optimistix],100,10,20,0.4494093202869408,True,26.0,0.8982876413753897,17.452847676196704,9.358397812018843e-08
latest,660e47a,synthetic,cpu,newton-cholesky[sklearn],10000,100,1,0.4496994799992535,True,5.0,0.0,,
latest,660e47a,synthetic,cpu,Newton[nemos],100,10,10,0.4503527893975843,True,5.0,0.973569751853829,8.807686810942831,8.866544152531797e-11
latest,660e47a,synthetic,cpu,BFGS[optimistix],1000,10,20,0.45109416359919124,True,14.0,0.887942562719061,18.715454669007148,2.1647779022485047e-08
latest,660e47a,synthetic,cpu,ProxSVRG[nemos],100,1,1,0.45109649098594673,True,1771.0,0.7210055040483883,0.9814779135871896,9.867815095859073e-08
latest,660e47a,synthetic,cpu,Newton[nemos],100,1,20,0.453019466198748,True,4.0,0.9858200272531785,19.508715460319763,4.974980665059177e-11
latest,660e47a,synthetic,cpu,LBFGS[scipy],10000,100,10,0.45668432049569674,True,19.0,0.0,1.1066246737613528,7.370864560465352e-07
latest,660e47a,synthetic,cpu,ProximalGradient[optimistix],10000,1,10,0.4583813901932444,True,12.0,0.8220550089964345,9.919704051385454,4.339891624240491e-08
latest,660e47a,synthetic,cpu,GradientDescent[optimistix],10000,100,1,0.45874980759690515,True,63.0,0.7208128010858642,-0.2173810365589915,2.007803051014625e-06
latest,660e47a,synthetic,cpu,GradientDescent[optimistix],10000,1,10,0.4598012398870196,True,12.0,0.8202205117473955,9.919048421391553,4.3452496432819586e-08
latest,660e47a,synthetic,cpu,Newton[nemos],100000,10,1,0.46006463180528956,True,3.0,0.8874108331822363,0.9643608129124164,1.887489723170332e-07
latest,660e47a,synthetic,cpu,ProximalGradient[optimistix],100000,10,1,0.46046271260711363,True,17.0,0.7338828826584303,0.9649932883433572,9.337676121642068e-07
latest,660e47a,synthetic,cpu,Newton[nemos],10000,100,1,0.4619296713091899,True,5.0,0.8710444025642726,-0.2173810365645402,3.139873180598232e-08
latest,660e47a,synthetic,cpu,Newton[nemos],1000,1,20,0.4650367411086336,True,3.0,0.9628668735822392,19.738105070346307,1.7722339866466097e-07
latest,660e47a,synthetic,cpu,GradientDescent[optimistix],100000,10,1,0.46639020140864884,True,18.0,0.7348775393470036,0.9643608129129861,7.096619198724251e-07
latest,660e47a,synthetic,gpu,LBFGS[scipy],10000,10,20,0.4665749118081294,True,10.0,0.0,18.76252283847376,6.224511017935419e-07
latest,660e47a,synthetic,cpu,newton-cholesky[sklearn],100000,1,20,0.46753052439307796,True,39.0,0.0,,
latest,660e47a,synthetic,cpu,Newton[nemos],1000,10,20,0.46784416339942253,True,4.0,0.9472541697621824,18.715454669007148,5.7156075289332975e-09
latest,660e47a,synthetic,gpu,LBFGS[scipy],100000,10,20,0.47281499030359553,True,10.0,0.0,18.780052109590848,6.321353645775962e-07
latest,660e47a,synthetic,cpu,Newton[nemos],10000,10,10,0.47336606300086714,True,4.0,0.9051812937928692,9.400467400486598,6.126622351804166e-10
latest,660e47a,synthetic,cpu,ProximalGradient[optimistix],10000,10,10,0.4767043450963683,True,27.0,0.6809556261939488,9.408504224584,0.000790745269043
latest,660e47a,synthetic,cpu,BFGS[optimistix],100000,1,10,0.4769096566946246,True,8.0,0.8157298744853664,9.922374712916676,6.9217938959741446e-09
latest,660e47a,synthetic,cpu,BFGS[optimistix],10000,10,20,0.4774066323123406,True,13.0,0.8378106712270277,18.76252283847071,4.982533391363794e-08
latest,660e47a,synthetic,cpu,LBFGS[scipy],1000,100,10,0.47971903081052,True,31.0,0.0,0.115378582446621,6.801590917149269e-07
latest,660e47a,synthetic,cpu,Newton[nemos],10000,1,10,0.4825239030935336,True,3.0,0.9463665097934786,9.919048421391546,5.358211525516299e-09
latest,660e47a,synthetic,cpu,Newton[nemos],100,10,20,0.4878932426916435,True,6.0,0.9706358565688161,17.452847676196622,1.7605195784271138e-11
latest,660e47a,synthetic,cpu,ProximalGradient[optimistix],10000,100,1,0.49152819780865686,True,59.0,0.7376294448491212,-0.2092030626552579,4.13646573270551e-06
latest,660e47a,synthetic,cpu,Newton[nemos],10000,1,20,0.49239122540457175,True,3.0,0.9292212020551351,19.78164979890914,2.0760655042014e-07
latest,660e47a,synthetic,gpu,LBFGS[scipy],1000,10,20,0.49317384961177596,True,12.0,0.0,18.715454669007205,1.7600508683476845e-07
latest,660e47a,synthetic,cpu,ProximalGradient[optimistix],10000,1,20,0.49331138021079823,True,23.0,0.7288123820538763,19.78335464011477,2.82553117448214e-07
latest,660e47a,synthetic,gpu,LBFGS[scipy],100,10,10,0.4979496318963356,True,18.0,0.0,8.807686810953724,9.287193105648357e-07
latest,660e47a,synthetic,cpu,GradientDescent[optimistix],10000,10,10,0.498821822204627,True,27.0,0.6671622181224517,9.4004674004869,3.224759583114745e-07
latest,660e47a,synthetic,cpu,GradientDescent[optimistix],10000,1,20,0.5004792427003849,True,23.0,0.7136315344291474,19.781649798909257,2.833186228557035e-07
latest,660e47a,synthetic,cpu,Newton[nemos],100,100,10,0.5005814130941871,True,11.0,0.9278051798329916,-4.6929496431086175,1.947829571248257e-07
latest,660e47a,synthetic,cpu,Newton[nemos],1000,100,10,0.506198345508892,True,7.0,0.8901437999666589,0.11537858243884172,2.990815196687196e-08
latest,660e47a,synthetic,cpu,GradientDescent[optimistix],100000,1,10,0.5068327489076182,True,12.0,0.6874995309789149,9.922374712916676,3.9142567254948565e-08
latest,660e47a,synthetic,cpu,SVRG[nemos],100,10,1,0.5129070924012922,True,2760.0,0.6220949448588701,0.9680628623838949,7.117354996086732e-08
latest,660e47a,synthetic,cpu,ProxSVRG[nemos],1000,1,1,0.5175928662996739,True,1524.0,0.6507765835245044,0.986042433334067,9.885101973127269e-08
latest,660e47a,synthetic,cpu,ProxSVRG[nemos],100,10,1,0.5180500567017589,True,2611.0,0.6381405189460708,0.9686112635182968,0.0018932678117666
latest,660e47a,synthetic,cpu,LBFGS[scipy],10000,100,20,0.5181166999100242,True,22.0,0.0,2.584625333617953,4.831050869457797e-07
latest,660e47a,synthetic,cpu,SVRG[nemos],1000,1,1,0.5234029276005459,True,1525.0,0.647741450816582,0.985988939474429,9.872262584742326e-08
latest,660e47a,synthetic,cpu,ProximalGradient[optimistix],1000,100,10,0.5243690647010226,True,152.0,0.6280855739832933,0.1920991937828765,0.0019397960632788
latest,660e47a,synthetic,cpu,BFGS[optimistix],100000,10,10,0.5256606755952816,True,12.0,0.7281749863572832,9.41164073485411,1.5695468500841886e-08
latest,660e47a,synthetic,cpu,Newton[nemos],1000,100,20,0.5261494207021314,True,8.0,0.8525938346976749,0.7301699802680612,2.56608857527403e-08
latest,660e47a,synthetic,cpu,ProximalGradient[optimistix],100000,1,10,0.5262075624079443,True,12.0,0.7001387405101595,9.923000117680573,3.9740411747393046e-08
latest,660e47a,synthetic,cpu,Newton[nemos],10000,10,20,0.5267679601965938,True,4.0,0.8808571645567473,18.76252283847069,5.781865676014221e-09
latest,660e47a,synthetic,cpu,ProximalGradient[optimistix],10000,10,20,0.5280077851028182,True,29.0,0.642347574958303,18.77849600815037,0.0013338827846193
latest,660e47a,synthetic,cpu,BFGS[optimistix],100000,1,20,0.5311190751031972,True,9.0,0.7540552097722925,19.786024827106104,1.639139918322699e-08
latest,660e47a,synthetic,cpu,BFGS[optimistix],1000,100,10,0.5314459514047485,True,68.0,0.7527232372862301,0.11537858243894442,1.362980160138713e-07
latest,660e47a,synthetic,gpu,LBFGS[scipy],1000,100,1,0.5319621507951524,True,22.0,0.0,-0.3315235602623931,7.953189080498108e-07
latest,660e47a,synthetic,cpu,Newton[nemos],100,100,20,0.532868212001631,True,10.0,0.9153264065153899,-8.42511400602193,1.9734931294793654e-07
latest,660e47a,synthetic,cpu,Newton[nemos],100000,1,10,0.5350238954939414,True,3.0,0.8330743471670343,9.922374712916676,6.712357115772581e-09
latest,660e47a,synthetic,cpu,GradientDescent[optimistix],1000,100,10,0.5443686142039951,True,162.0,0.6049287519021085,0.1153785824412585,7.110199403137507e-07
latest,660e47a,synthetic,cpu,GradientDescent[optimistix],10000,10,20,0.5470174754911568,True,32.0,0.6289002431513757,18.762522838470844,2.1032833103591577e-07
latest,660e47a,synthetic,cpu,LBFGS[scipy],100000,10,10,0.5590584038000088,True,9.0,0.0,9.4116407348546,3.200444512248702e-07
latest,660e47a,synthetic,cpu,SVRG[nemos],100,1,10,0.5626837686169892,True,2550.0,0.5761648649933673,9.734940360642408,7.500104682198693e-08
latest,660e47a,synthetic,cpu,LBFGS[scipy],1000,100,20,0.5678328275098465,True,37.0,0.0,0.7301699802722077,8.505663382717235e-07
latest,660e47a,synthetic,cpu,BFGS[optimistix],100000,100,1,0.5685970553779043,True,14.0,0.7500682327189866,-0.1414054757588424,7.766082583211055e-08
latest,660e47a,synthetic,cpu,SVRG[nemos],100,1,20,0.5721724215953145,True,2918.0,0.5723816787051511,19.50871546031977,7.412025757969153e-08
latest,660e47a,synthetic,cpu,LBFGS[optax+optimistix],10000,1,1,0.576596917497227,True,5.0,0.9615024762192697,0.9913677483947868,1.893106453391448e-12
latest,660e47a,synthetic,cpu,ProxSVRG[nemos],100,1,10,0.5779700314975343,True,2549.0,0.5834496663891164,9.736087933972817,0.0001642656547392
latest,660e47a,synthetic,gpu,LBFGS[scipy],100000,100,10,0.58051473069645,True,16.0,0.0,1.0575393019449997,9.435728236762501e-07
latest,660e47a,synthetic,cpu,ProxSVRG[nemos],100,1,20,0.5814387566992082,True,2919.0,0.5696114291016585,19.51153830844876,7.390389166871819e-08
latest,660e47a,synthetic,cpu,LBFGS[optax+optimistix],100,1,1,0.5887112198979594,True,5.0,0.9702767527792826,0.9814204227507404,8.098729078044684e-12
latest,660e47a,synthetic,gpu,LBFGS[scipy],10000,100,10,0.5939218612998957,True,19.0,0.0,1.106624673761353,7.370864560990106e-07
latest,660e47a,synthetic,cpu,LBFGS[optax+optimistix],1000,10,1,0.5973719219909981,True,8.0,0.9681304553993855,0.9638889796946156,3.8679231286614664e-08
latest,660e47a,synthetic,cpu,LBFGS[optax+optimistix],100000,1,1,0.6003228653920815,True,5.0,0.9465662630153986,0.993059943863124,1.5043082393900034e-10
latest,660e47a,synthetic,cpu,LBFGS[optax+optimistix],100,10,1,0.6054597850947175,True,11.0,0.9678601895038668,0.9680628623839006,9.551994046337625e-08
latest,660e47a,synthetic,gpu,LBFGS[scipy],100,10,20,0.6065932564029936,True,22.0,0.0,17.452847676205938,7.522588316988266e-07
latest,660e47a,synthetic,cpu,LBFGS[optax+optimistix],1000,1,1,0.6069353651953862,True,5.0,0.9684830273421909,0.9859889394744228,1.150712229495976e-12
latest,660e47a,synthetic,cpu,LBFGS[scipy],100000,1,20,0.611167743394617,True,7.0,0.0,19.786024827106274,3.584733772217519e-07
latest,660e47a,synthetic,cpu,Newton[nemos],10000,100,10,0.614301149896346,True,5.0,0.7418213439559892,1.1066246737586816,5.4604477917790176e-08
latest,660e47a,synthetic,cpu,Newton[nemos],100000,1,20,0.6156093752069864,True,3.0,0.7563564820138146,19.786024827106168,2.4361058619860355e-07
latest,660e47a,synthetic,cpu,BFGS[optimistix],10000,100,10,0.6178797977045178,True,39.0,0.6549961265770833,1.1066246737587777,2.324972399186942e-07
latest,660e47a,synthetic,cpu,ProxSVRG[nemos],1000,10,1,0.6181218946003355,True,2178.0,0.5327069183607192,0.964409194964882,6.639333810076059e-08
latest,660e47a,synthetic,cpu,BFGS[optimistix],1000,100,20,0.6205562829971314,True,73.0,0.6111570311598257,0.73016998026836,1.299375545632531e-07
latest,660e47a,synthetic,cpu,SVRG[nemos],1000,10,1,0.622105220402591,True,2183.0,0.5237730537898342,0.963888979694621,6.662067235201076e-08
latest,660e47a,synthetic,gpu,LBFGS[scipy],100000,100,20,0.6231653057970107,True,19.0,0.0,2.752635577223417,8.149979987288197e-07
latest,660e47a,synthetic,cpu,BFGS[optimistix],100000,10,20,0.6257694007072132,True,13.0,0.6730130630699769,18.78005210958832,3.277784717871943e-08
latest,660e47a,synthetic,cpu,LBFGS[optax+optimistix],1000,1,10,0.6301330860005692,True,7.0,0.9612867479797801,9.881816950316562,1.794649222584604e-08
latest,660e47a,synthetic,cpu,SVRG[nemos],100,100,1,0.6316123594995589,False,4000.0,0.48789904747158896,-0.9981239069343812,0.0081880707211786
latest,660e47a,synthetic,cpu,LBFGS[optax+optimistix],1000,100,1,0.6322507230041083,True,25.0,0.9609205995421253,-0.3315235602681562,3.308718492496879e-07
latest,660e47a,synthetic,cpu,LBFGS[optax+optimistix],10000,10,1,0.6327210970863234,True,7.0,0.9617246115042549,0.9596526696220284,2.369464559333497e-09
latest,660e47a,synthetic,gpu,LBFGS[scipy],10000,100,20,0.6354238916886971,True,22.0,0.0,2.5846253336179528,4.831050778517088e-07
latest,660e47a,synthetic,cpu,LBFGS[optax+optimistix],100,10,10,0.6376991835946683,True,21.0,0.9632705608588366,8.807686810942945,1.136730110131882e-07
latest,660e47a,synthetic,cpu,LBFGS[optax+optimistix],1000,10,10,0.6391668373951689,True,12.0,0.9594396650763954,9.36989132548398,5.479193892696245e-08
latest,660e47a,synthetic,cpu,LBFGS[optax+optimistix],1000,1,20,0.6409858041908592,True,8.0,0.951351377443985,19.73810507034629,1.6581590301045996e-08
latest,660e47a,synthetic,cpu,ProxSVRG[nemos],100,100,1,0.6518868259037844,False,4000.0,0.4903870027114186,-0.976483300716778,0.0079345533902522
latest,660e47a,synthetic,cpu,LBFGS[optax+optimistix],10000,10,10,0.6535327854857315,True,11.0,0.9232347507447068,9.400467400486598,2.7931556146340922e-08
latest,660e47a,synthetic,cpu,LBFGS[optax+optimistix],100,100,1,0.6535890993021894,True,667.0,0.9279324263356189,-1.025712506691132,1.6609059703959339e-07
latest,660e47a,synthetic,cpu,LBFGS[optax+optimistix],100,1,10,0.6554685812967364,True,9.0,0.9682293137137016,9.734940360642463,1.4136574421545582e-07
latest,660e47a,synthetic,cpu,LBFGS[optax+optimistix],10000,100,1,0.6557455456990283,True,13.0,0.9365906269530726,-0.217381036564535,5.235071276387598e-08
latest,660e47a,synthetic,cpu,ProximalGradient[optimistix],100000,1,20,0.6567038459994364,True,21.0,0.5511829432748623,19.787656908669355,3.451641432097776e-07
latest,660e47a,synthetic,cpu,LBFGS[optax+optimistix],100000,10,1,0.6570720402931329,True,6.0,0.9369079750667227,0.9643608129124172,1.2979282140130146e-07
latest,660e47a,synthetic,cpu,Newton[nemos],10000,100,20,0.6587236411985942,True,6.0,0.6613465304662669,2.584625333617088,1.621668890752076e-12
latest,660e47a,synthetic,cpu,LBFGS[optax+optimistix],100,1,20,0.6645742143969983,True,11.0,0.9647097017292188,19.508715460319763,1.0717986036613402e-08
latest,660e47a,synthetic,cpu,LBFGS[optax+optimistix],100,10,20,0.667687971011037,True,25.0,0.9571350243397806,17.452847676196818,1.882930871777156e-07
latest,660e47a,synthetic,cpu,LBFGS[optax+optimistix],10000,1,10,0.670525489206193,True,6.0,0.9463359317250152,9.91904842139155,3.7138350732874536e-08
latest,660e47a,synthetic,cpu,BFGS[optimistix],10000,100,20,0.6754128432017751,True,46.0,0.5608478515504319,2.5846253336171885,1.6115512386279812e-07
latest,660e47a,synthetic,cpu,GradientDescent[optimistix],100000,1,20,0.6802991873002611,True,20.0,0.5508207353877258,19.78602482710792,7.054142188833018e-07
latest,660e47a,synthetic,cpu,Newton[nemos],100000,10,10,0.6812296490883455,True,4.0,0.627620453531119,9.41164073485411,3.5714619976701107e-10
latest,660e47a,synthetic,cpu,LBFGS[optax+optimistix],1000,10,20,0.6824607548071071,True,13.0,0.9428164254561221,18.71545466900716,3.3559867574099646e-08
latest,660e47a,synthetic,cpu,LBFGS[optax+optimistix],10000,1,20,0.6921813957917038,True,8.0,0.9311211501689389,19.7816497989091,3.626648195685992e-08
latest,660e47a,synthetic,cpu,LBFGS[optax+optimistix],1000,100,10,0.6922394334920682,True,35.0,0.9120749707710123,0.1153785824392047,3.2012374167979577e-07
latest,660e47a,synthetic,cpu,LBFGS[optax+optimistix],10000,10,20,0.7041013005073182,True,12.0,0.9096418376607962,18.762522838470705,4.7879979393587735e-08
latest,660e47a,synthetic,cpu,GradientDescent[optimistix],100000,10,10,0.7067632420046721,True,27.0,0.4380433271436984,9.41164073485461,3.728799621073066e-07
latest,660e47a,synthetic,cpu,LBFGS[optax+optimistix],100000,1,10,0.7071085778996349,True,6.0,0.9012235478611978,9.922374712916694,1.1822737338478342e-07
latest,660e47a,synthetic,gpu,LBFGS[scipy],1000,100,10,0.7152057513012551,True,31.0,0.0,0.1153785824466208,6.801590783280659e-07
latest,660e47a,synthetic,cpu,Newton[nemos],100000,100,1,0.7183549633075017,True,5.0,0.5445502857858788,-0.1414054757588768,2.880718279803934e-09
latest,660e47a,synthetic,cpu,ProximalGradient[optimistix],100000,10,10,0.7234564978862181,True,27.0,0.4332540916846585,9.419668774093813,3.678404411314347e-07
latest,660e47a,synthetic,cpu,LBFGS[optax+optimistix],100000,10,10,0.7447690977889578,True,10.0,0.8442409158468063,9.41164073485415,9.075658657551561e-08
latest,660e47a,synthetic,cpu,LBFGS[optax+optimistix],1000,100,20,0.7513952144014183,True,39.0,0.8733447685466007,0.7301699802700787,3.3187986654345525e-07
latest,660e47a,synthetic,cpu,LBFGS[optax+optimistix],100000,1,20,0.7568725989956875,True,8.0,0.8537049060494815,19.786024827106107,2.83805247353454e-08
latest,660e47a,synthetic,cpu,LBFGS[scipy],100000,10,20,0.7669816463952884,True,10.0,0.0,18.78005210959085,6.321353645769457e-07
latest,660e47a,synthetic,cpu,ProxSVRG[nemos],1000,1,10,0.7703901370055973,True,1849.0,0.433367008910689,9.882525369768858,6.66994898704948e-08
latest,660e47a,synthetic,cpu,SVRG[nemos],1000,1,10,0.7721924107987433,True,1850.0,0.42442519996615025,9.881816950316567,6.664424493860177e-08
latest,660e47a,synthetic,cpu,LBFGS[optax+optimistix],10000,100,10,0.7945449470018502,True,22.0,0.8313088462242654,1.1066246737587693,3.180160963317525e-07
latest,660e47a,synthetic,cpu,LBFGS[optax+optimistix],10000,100,20,0.8027834386914037,True,23.0,0.8138382720758592,2.5846253336174425,4.65962470984696e-07
latest,660e47a,synthetic,cpu,GradientDescent[optimistix],100000,10,20,0.8121069934859406,True,28.0,0.39241340903021926,18.78005210958853,4.5888844323288373e-07
latest,660e47a,synthetic,gpu,LBFGS[scipy],1000,100,20,0.8184498410031665,True,37.0,0.0,0.7301699802722083,8.505684086953765e-07
latest,660e47a,synthetic,gpu,GradientDescent[optimistix],100,1,1,0.8244526911032153,True,11.0,0.9409102661015465,0.981420422751442,1.010482280476926e-06
latest,660e47a,synthetic,gpu,GradientDescent[optimistix],1000,1,1,0.8247053550032433,True,9.0,0.9362928976311906,0.9859889394744432,1.8550374807294458e-07
latest,660e47a,synthetic,cpu,SVRG[nemos],100,10,20,0.8350606048945337,False,4000.0,0.34475764804407827,17.452847676340003,4.86215630332229e-06
latest,660e47a,synthetic,gpu,ProximalGradient[optimistix],100,1,1,0.8376181868021376,True,11.0,0.9504850706446184,0.9814779135879054,1.02351667731395e-06
latest,660e47a,synthetic,gpu,BFGS[optimistix],100,1,1,0.8384794260957278,True,7.0,0.9566778736911956,0.9814204227507407,1.881671463202549e-11
latest,660e47a,synthetic,gpu,ProximalGradient[optimistix],1000,1,1,0.8408060136076528,True,9.0,0.9444905480815262,0.986042433334082,1.8730134858976205e-07
latest,660e47a,synthetic,cpu,SVRG[nemos],100,10,10,0.8418598085001576,False,4000.0,0.346930283077109,8.80768681096718,1.989998808363258e-06
latest,660e47a,synthetic,cpu,ProxSVRG[nemos],100,10,10,0.8440047449897975,False,4000.0,0.3433030924031024,8.819203434297284,0.0016304245967104
latest,660e47a,synthetic,cpu,LBFGS[optax+optimistix],100000,100,1,0.8456258221995085,True,10.0,0.8340355283147393,-0.1414054757588763,1.0697286855908436e-08
latest,660e47a,synthetic,cpu,ProxSVRG[nemos],100,10,20,0.847250425000675,False,4000.0,0.3442182294249327,17.476004757999196,0.0009083769282861
latest,660e47a,synthetic,cpu,Newton[nemos],100000,10,20,0.8539066030993127,True,4.0,0.5247630791096396,18.78005210958832,7.070104234376852e-09
latest,660e47a,synthetic,cpu,LBFGS[optax+optimistix],100,100,10,0.8593499664100819,True,1002.0,0.7045675750226861,-4.692949642948952,7.5175588117103e-07
latest,660e47a,synthetic,gpu,BFGS[optimistix],1000,1,1,0.862238332995912,True,6.0,0.9595471649638838,0.9859889394744232,4.519203082120702e-09
latest,660e47a,synthetic,gpu,ProximalGradient[optimistix],10000,1,1,0.8650890383927617,True,9.0,0.9525954439383035,0.9914321328153737,2.079950656673491e-07
latest,660e47a,synthetic,gpu,GradientDescent[optimistix],10000,1,1,0.8672844823973719,True,9.0,0.9434926400235565,0.9913677483948329,2.0898285937858292e-07
latest,660e47a,synthetic,gpu,ProximalGradient[optimistix],100000,1,1,0.8738482823013328,True,9.0,0.9441439524147797,0.9931254620310028,1.231060986160975e-07
latest,660e47a,synthetic,cpu,LBFGS[optax+optimistix],100000,10,20,0.881537251296686,True,13.0,0.7671292153983271,18.78005210958832,2.251259876299072e-08
latest,660e47a,synthetic,gpu,BFGS[optimistix],100000,1,1,0.8829340225900524,True,6.0,0.9613302777814422,0.993059943863124,1.1942567188671276e-09
latest,660e47a,synthetic,gpu,GradientDescent[optimistix],100000,1,1,0.8840692005935125,True,9.0,0.9373030155533362,0.9930599438631408,1.2568917620624578e-07
latest,660e47a,synthetic,cpu,BFGS[optimistix],100000,100,10,0.8859836232033558,True,35.0,0.4582951394068154,1.0575393019334958,6.186947329267858e-08
latest,660e47a,synthetic,cpu,ProximalGradient[optimistix],100000,10,20,0.8919270799146034,True,28.0,0.3760473884809382,18.79603521518128,0.0010396988278975
latest,660e47a,synthetic,gpu,BFGS[optimistix],10000,1,1,0.8942025357915554,True,6.0,0.961723476282202,0.9913677483947868,6.690424245430619e-11
latest,660e47a,synthetic,cpu,ProxSVRG[nemos],10000,1,1,0.8995651559031103,True,1556.0,0.31234819977576994,0.9914321328153349,8.661435668341767e-08
latest,660e47a,synthetic,gpu,ProximalGradient[optimistix],1000,10,1,0.9072388165746815,True,15.0,0.9486335037992072,0.9644091949659088,7.686797492186676e-07
latest,660e47a,synthetic,cpu,GradientDescent[optimistix],1000,100,20,0.919347120297607,True,397.0,0.3317199293934343,0.7301699802768403,8.015343412465237e-07
latest,660e47a,synthetic,cpu,ProximalGradient[optimistix],1000,100,20,0.9252485200064257,True,408.0,0.3230694391480088,0.8851765716060249,0.0018226882938645003
latest,660e47a,synthetic,gpu,GradientDescent[optimistix],10000,10,1,0.9294459683063906,True,16.0,0.9450899063388214,0.9596526696221905,3.334516812981698e-07
latest,660e47a,synthetic,cpu,ProximalGradient[optimistix],10000,100,10,0.9316914910916239,True,101.0,0.3132322697120505,1.181302151472072,0.0012758032187903
latest,660e47a,synthetic,gpu,ProximalGradient[optimistix],10000,10,1,0.9490324484882876,True,16.0,0.9544572351021374,0.960289753316587,3.2137195821093506e-07
latest,660e47a,synthetic,gpu,ProximalGradient[optimistix],1000,1,10,0.9503990923985839,True,13.0,0.9505791384292385,9.88252536976887,1.1917497538729146e-07
latest,660e47a,synthetic,gpu,ProximalGradient[optimistix],100,1,10,0.9509926526981871,True,21.0,0.9474890486619746,9.736087933973064,0.0001642656547392
latest,660e47a,synthetic,gpu,ProximalGradient[optimistix],100,10,1,0.9568036365089938,True,25.0,0.9528486616355114,0.9686112635193276,0.0018934382750344
latest,660e47a,synthetic,gpu,GradientDescent[optimistix],1000,10,1,0.9580151113041211,True,16.0,0.9424737961107615,0.9638889796949142,4.160345858494202e-07
latest,660e47a,synthetic,cpu,SVRG[nemos],10000,1,1,0.9670944549085106,True,1558.0,0.28838144973164725,0.9913677483947929,8.59279712707179e-08
latest,660e47a,synthetic,gpu,GradientDescent[optimistix],100,1,10,0.9703666350920684,True,21.0,0.9402691627314305,9.73494036064266,4.1793640121777563e-07
latest,660e47a,synthetic,cpu,ProximalGradient[optimistix],100,100,10,0.9748066701111384,False,4000.0,0.3074683174363736,-4.4538191058313545,0.0019993016517759
latest,660e47a,synthetic,cpu,LBFGS[optax+optimistix],100,100,20,0.9771158349001781,True,978.0,0.6332603102381459,-8.42511400572742,6.758033780150489e-07
latest,660e47a,synthetic,gpu,GradientDescent[optimistix],1000,1,10,0.9867859501915518,True,13.0,0.9422751680935588,9.881816950316574,1.190556838063378e-07
latest,660e47a,synthetic,gpu,ProximalGradient[optimistix],100000,10,1,0.9926997981965542,True,17.0,0.9512949925200859,0.9649932883433572,9.337676121531481e-07
latest,660e47a,synthetic,gpu,GradientDescent[optimistix],100,10,1,0.9956279185018502,True,28.0,0.9451175140211993,0.9680628623840007,2.428772094970056e-07
latest,660e47a,synthetic,cpu,ProximalGradient[optimistix],100000,100,1,1.000931638496695,True,64.0,0.29536880269642685,-0.1333702928194172,1.9776354251369987e-06
latest,660e47a,synthetic,gpu,GradientDescent[optimistix],100000,10,1,1.0028297232987824,True,18.0,0.9452021352128531,0.9643608129129861,7.096619198704735e-07
latest,660e47a,synthetic,cpu,GradientDescent[optimistix],100,100,10,1.012232206092449,False,4000.0,0.3074772184840918,-4.692949181402204,1.0124979666628068e-05
latest,660e47a,synthetic,gpu,ProximalGradient[optimistix],1000,10,10,1.0147489915019832,True,28.0,0.9441493383658646,9.378434232537712,2.034684718366792e-07
latest,660e47a,synthetic,cpu,GradientDescent[optimistix],10000,100,20,1.0192540138028563,True,101.0,0.2958904207215311,2.5846253336199854,4.242984944499229e-07
latest,660e47a,synthetic,gpu,ProximalGradient[optimistix],100,1,20,1.0230423218919895,True,25.0,0.9506851392884823,19.51153830844901,3.7675438234376774e-07
latest,660e47a,synthetic,cpu,GradientDescent[optimistix],10000,100,10,1.0382244394975715,True,103.0,0.3044768001404553,1.1066246737602048,6.198331037432069e-07
latest,660e47a,synthetic,cpu,ProxSVRG[nemos],1000,1,20,1.0386538270046004,True,2004.0,0.30192190662805685,19.74007343056121,5.1394421717552985e-08
latest,660e47a,synthetic,gpu,GradientDescent[optimistix],1000,10,10,1.042552466795314,True,28.0,0.9414145950184221,9.369891325484152,2.0970555046628814e-07
latest,660e47a,synthetic,gpu,Newton[nemos],100,1,1,1.044482089020312,True,3.0,0.9816971199970773,0.9814204227507404,1.4406089507618992e-12
latest,660e47a,synthetic,gpu,ProximalGradient[optimistix],1000,1,20,1.0452397201035637,True,20.0,0.9521870967849555,19.740073430563942,8.753610394934483e-07
latest,660e47a,synthetic,gpu,ProximalGradient[optimistix],10000,100,1,1.0637962551001692,True,59.0,0.946848164449066,-0.2092030626552579,4.136465732725459e-06
latest,660e47a,synthetic,cpu,LBFGS[scipy],100000,100,10,1.0700282410078217,True,16.0,0.0,1.0575393019449997,9.435728236799362e-07
latest,660e47a,synthetic,cpu,SVRG[nemos],1000,1,20,1.0747350689955055,True,2005.0,0.2855247707601302,19.7381050703463,5.1341133047201615e-08
latest,660e47a,synthetic,gpu,ProximalGradient[optimistix],100,10,10,1.079925139201805,True,80.0,0.937926267864437,8.8192034342748,0.0016304245493370998
latest,660e47a,synthetic,gpu,GradientDescent[optimistix],10000,1,10,1.0808345864992588,True,12.0,0.946683691730747,9.919048421391553,4.345249642045968e-08
latest,660e47a,synthetic,gpu,BFGS[optimistix],100,1,10,1.0842534378985875,True,11.0,0.9631112534256955,9.734940360642408,4.6675392036588024e-08
latest,660e47a,synthetic,gpu,ProximalGradient[optimistix],1000,100,1,1.0861379395006225,True,104.0,0.9350045075707142,-0.3226744528237266,1.7117665514730651e-06
latest,660e47a,synthetic,cpu,LBFGS[optax+optimistix],100000,100,10,1.0923579793132376,True,19.0,0.6320652368706439,1.0575393019338266,3.85747477865293e-07
latest,660e47a,synthetic,gpu,ProximalGradient[optimistix],100000,100,1,1.094901281403145,True,64.0,0.9223131923643548,-0.1333702928194172,1.977635425070212e-06
latest,660e47a,synthetic,gpu,GradientDescent[optimistix],10000,100,1,1.0990686102042673,True,63.0,0.9398101225067232,-0.2173810365589915,2.007803051376749e-06
latest,660e47a,synthetic,cpu,ProximalGradient[optimistix],10000,100,20,1.1124962712987325,True,99.0,0.26992170059163584,2.7341000334991588,0.0019585084844918
latest,660e47a,synthetic,gpu,ProximalGradient[optimistix],10000,1,10,1.1143041076895315,True,12.0,0.9539207666161561,9.919704051385454,4.339891624457332e-08
latest,660e47a,synthetic,gpu,ProximalGradient[optimistix],10000,1,20,1.11497432650649,True,23.0,0.9528977167318364,19.78335464011477,2.825531174154711e-07
latest,660e47a,synthetic,gpu,GradientDescent[optimistix],100000,100,1,1.1169099160993938,True,65.0,0.9177926545075605,-0.1414054757459068,1.6591495988767897e-06
latest,660e47a,synthetic,gpu,GradientDescent[optimistix],100,1,20,1.1233909411996137,True,22.0,0.9488355059466796,19.50871546032928,2.2321265906744816e-06
latest,660e47a,synthetic,gpu,ProximalGradient[optimistix],1000,10,20,1.1246002056926954,True,31.0,0.9535229153946186,18.73203249726194,1.436181982193696e-07
latest,660e47a,synthetic,gpu,BFGS[optimistix],1000,1,10,1.1301811364886816,True,8.0,0.9624801421413697,9.881816950316562,2.3940244972195386e-08
latest,660e47a,synthetic,gpu,GradientDescent[optimistix],1000,100,1,1.1323229612084105,True,112.0,0.9281133858094138,-0.3315235602619962,1.4908035073125936e-06
latest,660e47a,synthetic,cpu,BFGS[optimistix],100,100,10,1.1323305411904585,True,682.0,0.28527505174329615,-4.692949643181446,1.9237776289246063e-08
latest,660e47a,synthetic,gpu,BFGS[optimistix],100,10,1,1.1346374358981848,True,12.0,0.9626117526030219,0.968062862383895,8.991807215005962e-08
latest,660e47a,synthetic,gpu,GradientDescent[optimistix],100,10,10,1.1371110768988728,True,80.0,0.9341704160485239,8.807686810947628,8.636319408748816e-07
latest,660e47a,synthetic,gpu,BFGS[optimistix],1000,10,1,1.1391195766744204,True,9.0,0.9625320671597569,0.9638889796946166,4.3228792697799416e-08
latest,660e47a,synthetic,gpu,Newton[nemos],1000,1,1,1.1496206724987132,True,3.0,0.9870981930996923,0.9859889394744232,6.348289949276166e-13
latest,660e47a,synthetic,gpu,BFGS[optimistix],10000,1,10,1.1536598130012863,True,8.0,0.9646732493188226,9.919048421391546,7.373258978469067e-09
latest,660e47a,synthetic,cpu,GradientDescent[optimistix],100000,100,1,1.153686021984322,True,65.0,0.2698885019106063,-0.1414054757459068,1.6591495987762842e-06
latest,660e47a,synthetic,gpu,BFGS[optimistix],10000,10,1,1.164273173501715,True,7.0,0.9637565907774134,0.9596526696220286,8.83984030082663e-09
latest,660e47a,synthetic,gpu,Newton[nemos],10000,1,1,1.1652786838007159,True,3.0,0.9910116058766519,0.9913677483947868,2.6752359008619386e-12
latest,660e47a,synthetic,gpu,Newton[nemos],100000,1,1,1.1664690170902758,True,3.0,0.9902577940670181,0.993059943863124,3.4516448943824884e-12
latest,660e47a,synthetic,gpu,GradientDescent[optimistix],1000,1,20,1.1669329595926683,True,20.0,0.9497733468035273,19.738105070349032,8.902794400545647e-07
latest,660e47a,synthetic,gpu,GradientDescent[optimistix],1000,10,20,1.1701165593927727,True,32.0,0.9529407864828379,18.71545466900724,2.238621624288395e-07
latest,660e47a,synthetic,gpu,ProximalGradient[optimistix],100000,1,10,1.1779497276933397,True,12.0,0.9534116717879547,9.923000117680573,3.9740411742514136e-08
latest,660e47a,synthetic,cpu,BFGS[optimistix],100000,100,20,1.187506753503112,True,42.0,0.32518140099811277,2.752635577222439,2.93681939427296e-07
latest,660e47a,synthetic,gpu,ProximalGradient[optimistix],100,10,20,1.193556262704078,True,89.0,0.9457912731187887,17.47600475787067,0.0009083651337342998
latest,660e47a,synthetic,gpu,GradientDescent[optimistix],100000,1,10,1.2118256583169569,True,12.0,0.9447789242642154,9.922374712916676,3.9142567255599087e-08
latest,660e47a,synthetic,gpu,BFGS[optimistix],100000,10,1,1.220640463824384,True,7.0,0.9639780747720381,0.9643608129123976,5.983699352997463e-09
latest,660e47a,synthetic,gpu,GradientDescent[optimistix],10000,1,20,1.225631839397829,True,23.0,0.9494528507262817,19.781649798909253,2.833186228572214e-07
latest,660e47a,synthetic,cpu,SVRG[nemos],1000,10,10,1.232798559399089,True,2603.0,0.2390760811285181,9.369891325483984,5.8294841821793244e-08
latest,660e47a,synthetic,gpu,GradientDescent[optimistix],100,10,20,1.252080436394317,True,99.0,0.9441330886974899,17.452847676200822,8.274942436686805e-07
latest,660e47a,synthetic,gpu,BFGS[optimistix],100000,100,1,1.2569285722100176,True,14.0,0.960559290654845,-0.1414054757588424,7.766082585376242e-08
latest,660e47a,synthetic,gpu,BFGS[optimistix],1000,100,1,1.2601848039019388,True,39.0,0.9609258593705283,-0.3315235602683802,1.986613843545968e-07
latest,660e47a,synthetic,gpu,ProximalGradient[optimistix],100000,1,20,1.2620232168992516,True,21.0,0.9508731101999766,19.787656908669355,3.451641431523149e-07
latest,660e47a,synthetic,gpu,BFGS[optimistix],100000,1,10,1.2686840456037316,True,8.0,0.9651455234003221,9.922374712916673,6.921793895215203e-09
latest,660e47a,synthetic,gpu,BFGS[optimistix],100,100,1,1.2727136871952098,True,251.0,0.9404170138258288,-1.0257125067146664,1.4501777176128234e-08
latest,660e47a,synthetic,cpu,ProxSVRG[nemos],1000,10,10,1.2752894602948799,True,2598.0,0.22595161499362443,9.378434232537554,5.838611050364152e-08
latest,660e47a,synthetic,cpu,ProximalGradient[optimistix],100,100,20,1.277441554708639,False,4000.0,0.21853123832390464,-7.951578699007156,0.0019865334660125
latest,660e47a,synthetic,gpu,Newton[nemos],1000,1,10,1.3057953096053097,True,3.0,0.9910763178706918,9.881816950316562,6.462564270531823e-08
latest,660e47a,synthetic,gpu,BFGS[optimistix],10000,100,1,1.309091349306982,True,19.0,0.9640364460015673,-0.2173810365645299,6.136659895446565e-08
latest,660e47a,synthetic,cpu,LBFGS[optax+optimistix],100000,100,20,1.318116510892287,True,20.0,0.5218291859467332,2.752635577222597,4.700520385976341e-07
latest,660e47a,synthetic,cpu,ProxSVRG[nemos],1000,100,1,1.324101124703884,True,3911.0,0.23020095157378337,-0.3226744528367353,7.312172031672531e-08
latest,660e47a,synthetic,cpu,SVRG[nemos],1000,100,1,1.3281423514010384,True,3940.0,0.22886569646006416,-0.3315235602685013,7.3205966517019e-08
latest,660e47a,synthetic,gpu,Newton[nemos],1000,10,1,1.3286001611151732,True,3.0,0.9921306449014373,0.9638889796946197,9.445696211828061e-08
latest,660e47a,synthetic,gpu,ProximalGradient[optimistix],1000,100,10,1.3414485892979429,True,152.0,0.9249126448116239,0.1920991937828763,0.0019397960632787
latest,660e47a,synthetic,gpu,ProximalGradient[optimistix],10000,10,10,1.3509157475142275,True,27.0,0.9523994441150407,9.408504224584002,0.000790745269043
latest,660e47a,synthetic,gpu,BFGS[optimistix],100,1,20,1.3520517891913186,True,12.0,0.9699939419020909,19.50871546031976,2.022182088223584e-08
latest,660e47a,synthetic,gpu,Newton[nemos],100,1,10,1.3531012511986773,True,4.0,0.9901475501363322,9.7349403606424,1.0298955752888889e-11
latest,660e47a,synthetic,cpu,GradientDescent[optimistix],100,100,20,1.357906639308203,False,4000.0,0.22083350555431852,-8.425113455191271,8.338446532390586e-06
latest,660e47a,synthetic,gpu,BFGS[optimistix],1000,1,20,1.3655098526854998,True,9.0,0.9692184769734679,19.73810507034629,1.7958581078822422e-08
latest,660e47a,synthetic,gpu,GradientDescent[optimistix],10000,10,10,1.3696805981977378,True,27.0,0.9475188413096907,9.4004674004869,3.224759583173292e-07
latest,660e47a,synthetic,gpu,ProximalGradient[optimistix],10000,10,20,1.373876615599147,True,29.0,0.9606078325448812,18.77849600815037,0.0013338827846193
latest,660e47a,synthetic,gpu,GradientDescent[optimistix],100000,1,20,1.3763799140084303,True,20.0,0.9496717412792064,19.786024827107912,7.054142188995648e-07
latest,660e47a,synthetic,gpu,BFGS[optimistix],10000,1,20,1.3878923700016457,True,9.0,0.9701316543253402,19.7816497989091,2.2839836521636875e-08
latest,660e47a,synthetic,gpu,BFGS[optimistix],1000,10,10,1.389093331404729,True,12.0,0.9739725603570596,9.36989132548398,4.4456219982190466e-08
latest,660e47a,synthetic,gpu,GradientDescent[optimistix],1000,100,10,1.4185497219965328,True,162.0,0.9234975279209552,0.1153785824412588,7.110199403449757e-07
latest,660e47a,synthetic,gpu,Newton[nemos],100,10,1,1.4367507287999615,True,3.0,0.991565946376529,0.9680628623838905,6.919014142678923e-08
latest,660e47a,synthetic,gpu,Newton[nemos],10000,10,1,1.4377808963065035,True,3.0,0.9941339488894488,0.9596526696220803,3.04112112485544e-07
latest,660e47a,synthetic,gpu,ProximalGradient[optimistix],100000,10,10,1.439500170305837,True,27.0,0.9495635609815514,9.41966877409381,3.6784044113490413e-07
latest,660e47a,synthetic,gpu,ProximalGradient[optimistix],100,100,1,1.447860595799284,False,4000.0,0.6400643741317673,-1.0001442517718122,0.0017725631436212998
latest,660e47a,synthetic,gpu,Newton[nemos],100,1,20,1.4536979539901949,True,4.0,0.9915220792873702,19.50871546031976,4.974978046710932e-11
latest,660e47a,synthetic,gpu,BFGS[optimistix],100,10,10,1.4572860018059146,True,21.0,0.9737845941789749,8.807686810942853,4.37900913458902e-08
latest,660e47a,synthetic,gpu,ProximalGradient[optimistix],100000,10,20,1.4597664172993974,True,28.0,0.9538427683131264,18.796035215181284,0.0010396988278975
latest,660e47a,synthetic,cpu,ProxSVRG[nemos],1000,10,20,1.4695721933909227,True,2626.0,0.19874547833993356,18.73203249726178,5.795033370357973e-08
latest,660e47a,synthetic,cpu,SVRG[nemos],100,100,20,1.474986788094975,False,4000.0,0.20057529629455706,-7.878830012183679,0.013059956554287799
latest,660e47a,synthetic,gpu,ProximalGradient[optimistix],1000,100,20,1.479948352900101,True,408.0,0.892464105376704,0.8851765716060249,0.0018226882938647
latest,660e47a,synthetic,gpu,GradientDescent[optimistix],100,100,1,1.4873631257010858,False,4000.0,0.6429204125928129,-1.0257124574444056,3.5628646263105752e-06
latest,660e47a,synthetic,gpu,GradientDescent[optimistix],100000,10,10,1.4874809197033756,True,27.0,0.9471678920412113,9.411640734854608,3.728799621070898e-07
latest,660e47a,synthetic,gpu,Newton[nemos],1000,1,20,1.4897861552017273,True,3.0,0.9925204874661041,19.738105070346304,1.772233986663957e-07
latest,660e47a,synthetic,gpu,GradientDescent[optimistix],100000,10,20,1.4980550440988736,True,28.0,0.952279424130858,18.78005210958853,4.588884432138018e-07
latest,660e47a,synthetic,gpu,ProximalGradient[optimistix],10000,100,20,1.5000910792150535,True,99.0,0.9314066459584834,2.734100033499158,0.0019585084844919
latest,660e47a,synthetic,gpu,GradientDescent[optimistix],10000,10,20,1.5005452129029435,True,32.0,0.9587255934397703,18.762522838470844,2.10328331079826e-07
latest,660e47a,synthetic,gpu,Newton[nemos],100,100,1,1.511033339210553,True,11.0,0.9927843404687522,-1.025712506712649,5.0361912882937294e-08
latest,660e47a,synthetic,gpu,ProxSVRG[nemos],100,1,1,1.511064812494442,True,1771.0,0.7766073631878321,0.9814779135871896,9.867815095859073e-08
latest,660e47a,synthetic,cpu,newton-cholesky[sklearn],100000,10,10,1.5126907891826704,True,30.0,0.0,,
latest,660e47a,synthetic,gpu,BFGS[optimistix],100000,1,20,1.532045668293722,True,9.0,0.9702649543670914,19.786024827106104,1.6391399183714878e-08
latest,660e47a,synthetic,gpu,GradientDescent[optimistix],1000,100,20,1.5322143331053666,True,397.0,0.8955665444741175,0.7301699802768399,8.015343412048903e-07
latest,660e47a,synthetic,cpu,ProxSVRG[nemos],100,100,20,1.5444327324978075,False,4000.0,0.189985965763409,-7.490228043267235,0.0126415222651601
latest,660e47a,synthetic,gpu,SVRG[nemos],100,1,1,1.5503408933000173,True,1771.0,0.7849505092969606,0.981420422750747,9.85043002952197e-08
latest,660e47a,synthetic,gpu,Newton[nemos],10000,100,1,1.5555819939938373,True,5.0,0.9941688910368527,-0.2173810365645402,3.1398731752205894e-08
latest,660e47a,synthetic,gpu,BFGS[optimistix],1000,10,20,1.567932375014061,True,14.0,0.9781289663433979,18.71545466900715,2.164777905197535e-08
latest,660e47a,synthetic,gpu,Newton[nemos],10000,1,20,1.5719993870181497,True,3.0,0.9931674317022893,19.78164979890914,2.0760655041699577e-07
latest,660e47a,synthetic,gpu,Newton[nemos],1000,100,1,1.5732484182226472,True,6.0,0.9943814570675613,-0.3315235602685144,5.42372289685485e-10
latest,660e47a,synthetic,gpu,GradientDescent[optimistix],10000,100,20,1.5752125655970304,True,101.0,0.9317879423684532,2.5846253336199845,4.2429849464974124e-07
latest,660e47a,synthetic,gpu,ProxSVRG[nemos],1000,1,1,1.5825792440096849,True,1524.0,0.7877500030285945,0.986042433334067,9.885101971782859e-08
latest,660e47a,synthetic,cpu,ProxSVRG[nemos],100,100,10,1.5885378225008027,False,4000.0,0.18193451209067651,-4.234962031122435,0.0104233673470188
latest,660e47a,synthetic,gpu,Newton[nemos],100000,100,1,1.5958997213165276,True,5.0,0.991064699782437,-0.1414054757588768,2.880718350439706e-09
latest,660e47a,synthetic,gpu,SVRG[nemos],1000,1,1,1.6046358199964743,True,1525.0,0.7917294509187351,0.9859889394744288,9.872262585350832e-08
latest,660e47a,synthetic,gpu,Newton[nemos],100000,10,1,1.6067109947907738,True,3.0,0.9946179150705685,0.9643608129124164,1.8874897230727539e-07
latest,660e47a,synthetic,gpu,Newton[nemos],10000,1,10,1.611604515806539,True,3.0,0.992122815887118,9.919048421391544,5.358211522914213e-09
latest,660e47a,synthetic,gpu,BFGS[optimistix],100,10,20,1.622612438694341,True,26.0,0.9764949335054345,17.452847676196708,9.358397810612261e-08
latest,660e47a,synthetic,gpu,BFGS[optimistix],10000,10,10,1.647032740979921,True,12.0,0.9761963011252413,9.400467400486605,5.465643889996513e-08
latest,660e47a,synthetic,gpu,ProximalGradient[optimistix],10000,100,10,1.6648553415900096,True,101.0,0.9393976155064443,1.181302151472072,0.0012758032187903
latest,660e47a,synthetic,cpu,ProxSVRG[nemos],10000,10,1,1.6923394564015326,True,2010.0,0.16364717321203195,0.9602897533164436,7.628626875122099e-08
latest,660e47a,synthetic,gpu,ProximalGradient[optimistix],100000,100,20,1.7009474248043261,True,93.0,0.8947453133467173,2.901867125004184,0.0019926540525856
latest,660e47a,synthetic,gpu,ProxSVRG[nemos],10000,1,1,1.7118368734023535,True,1556.0,0.7674579601400046,0.9914321328153349,8.66143566964281e-08
latest,660e47a,synthetic,gpu,Newton[nemos],100,10,10,1.7121726406970992,True,5.0,0.9947618598008343,8.807686810942831,8.866543160486809e-11
latest,660e47a,synthetic,cpu,SVRG[nemos],100,100,10,1.718289240001468,False,4000.0,0.18023443441990553,-4.431480122896147,0.0106383724970362
latest,660e47a,synthetic,gpu,SVRG[nemos],10000,1,1,1.7188985747925472,True,1558.0,0.7705550494610246,0.9913677483947929,8.592797128634396e-08
latest,660e47a,synthetic,gpu,Newton[nemos],100,10,20,1.7227211889025056,True,6.0,0.9950057382413078,17.452847676196622,1.7605233744899702e-11
latest,660e47a,synthetic,gpu,ProximalGradient[optimistix],100000,100,10,1.7257090042025083,True,89.0,0.9115396680897782,1.1321931104747134,0.0009443719777765
latest,660e47a,synthetic,gpu,GradientDescent[optimistix],100000,100,20,1.7276744268951005,True,91.0,0.8983214849211706,2.7526355772243205,6.498406025551469e-07
latest,660e47a,synthetic,gpu,Newton[nemos],1000,10,10,1.735160736303078,True,4.0,0.9952736539684531,9.369891325483977,1.1360649131500478e-09
latest,660e47a,synthetic,gpu,GradientDescent[optimistix],10000,100,10,1.7371373665926513,True,103.0,0.9378541640729082,1.1066246737602048,6.198331038917426e-07
latest,660e47a,synthetic,gpu,ProximalGradient[optimistix],100,100,10,1.7515479206922464,False,4000.0,0.6365580009631369,-4.453819099353211,0.0019897990394676
latest,660e47a,synthetic,gpu,BFGS[optimistix],100000,10,10,1.7659818151994842,True,12.0,0.9771026037981942,9.411640734854112,1.5695468501709248e-08
latest,660e47a,synthetic,gpu,GradientDescent[optimistix],100000,100,10,1.7677907122008036,True,91.0,0.911423965090696,1.0575393019360586,8.745799636895868e-07
latest,660e47a,synthetic,gpu,Newton[nemos],1000,10,20,1.7688979817030486,True,4.0,0.9954050207174859,18.715454669007148,5.715607516790233e-09
latest,660e47a,synthetic,gpu,ProxSVRG[nemos],100,1,10,1.768979930318892,True,2549.0,0.7275551947672546,9.736087933972817,0.0001642656547392
latest,660e47a,synthetic,cpu,SVRG[nemos],1000,10,20,1.7786475568893365,True,2630.0,0.1629122953685526,18.71545466900716,5.7720816461562254e-08
latest,660e47a,synthetic,cpu,LBFGS[scipy],100000,100,20,1.7806677164975553,True,19.0,0.0,2.7526355772234177,8.149980016626708e-07
latest,660e47a,synthetic,gpu,SVRG[nemos],100,1,10,1.783567404607311,True,2550.0,0.7293622735344648,9.734940360642408,7.500104681133464e-08
latest,660e47a,synthetic,gpu,BFGS[optimistix],100000,10,20,1.7991533744963817,True,13.0,0.9780759596509425,18.780052109588325,3.27778471769305e-08
latest,660e47a,synthetic,gpu,BFGS[optimistix],10000,10,20,1.8392542807967402,True,13.0,0.9806185352618544,18.76252283847071,4.982533391905895e-08
latest,660e47a,synthetic,gpu,GradientDescent[optimistix],100,100,10,1.839301163807977,False,4000.0,0.6535356408211244,-4.692949181402205,1.0124979605942018e-05
latest,660e47a,synthetic,gpu,ProximalGradient[optimistix],100,100,20,1.8428326049033785,False,4000.0,0.6310071882996919,-7.951578699007156,0.0019865334663448
latest,660e47a,synthetic,gpu,ProxSVRG[nemos],100,10,1,1.8432435358932708,True,2611.0,0.7083148895509361,0.9686112635182968,0.0018932678117666
latest,660e47a,synthetic,cpu,SVRG[nemos],10000,10,1,1.8505787565140053,True,2015.0,0.1519165269729827,0.9596526696220355,7.591454789768713e-08
latest,660e47a,synthetic,gpu,Newton[nemos],100000,1,10,1.8588658242253586,True,3.0,0.9937692865955334,9.922374712916673,6.712357100051651e-09
latest,660e47a,synthetic,gpu,BFGS[optimistix],1000,100,10,1.8692216012976133,True,68.0,0.9791736029652738,0.1153785824389443,1.3629801601040185e-07
latest,660e47a,synthetic,gpu,SVRG[nemos],100,10,1,1.8735033984004985,True,2760.0,0.697489937589797,0.968062862383895,7.117354998637318e-08
latest,660e47a,synthetic,gpu,BFGS[optimistix],100,100,10,1.8769506430078764,True,682.0,0.93416785324114,-4.692949643181446,1.92377756700311e-08
latest,660e47a,synthetic,gpu,ProxSVRG[nemos],100,1,20,1.8962081816163845,True,2919.0,0.7032613729375953,19.51153830844876,7.390389170167795e-08
latest,660e47a,synthetic,gpu,ProxSVRG[nemos],1000,1,10,1.901119854184799,True,1849.0,0.7131785781669107,9.882525369768857,6.669948987222951e-08
latest,660e47a,synthetic,gpu,BFGS[optimistix],1000,100,20,1.9035675150924363,True,73.0,0.9755737461920079,0.7301699802683602,1.299375545354975e-07
latest,660e47a,synthetic,gpu,SVRG[nemos],100,1,20,1.9065442999999505,True,2918.0,0.701516138429323,19.50871546031977,7.412025758852778e-08
latest,660e47a,synthetic,gpu,SVRG[nemos],1000,1,10,1.909271350799827,True,1850.0,0.7165879362478444,9.881816950316566,6.66442449516122e-08
latest,660e47a,synthetic,cpu,Newton[nemos],100000,100,10,1.914251565793529,True,5.0,0.2049867661291973,1.0575393019334731,9.8962340414413e-09
latest,660e47a,synthetic,gpu,Newton[nemos],100000,1,20,1.9168410470883828,True,3.0,0.9935501887786524,19.786024827106168,2.436105862058677e-07
latest,660e47a,synthetic,gpu,Newton[nemos],100,100,10,1.917430431395769,True,11.0,0.9929344833229724,-4.6929496431086175,1.947829566352e-07
latest,660e47a,synthetic,gpu,ProxSVRG[nemos],100000,1,1,1.943117451062426,True,1519.0,0.6746263103124334,0.9931254620309924,7.961197453858726e-08
latest,660e47a,synthetic,gpu,GradientDescent[optimistix],100,100,20,1.9512918916996569,False,4000.0,0.6529953777982888,-8.42511345519127,8.338446522405355e-06
latest,660e47a,synthetic,gpu,SVRG[nemos],100000,1,1,1.9523016631021164,True,1520.0,0.6788386314302157,0.9930599438631298,7.974430784599888e-08
latest,660e47a,synthetic,gpu,BFGS[optimistix],10000,100,20,1.9777718592900784,True,46.0,0.9790734218627474,2.5846253336171894,1.611551239772899e-07
latest,660e47a,synthetic,gpu,SVRG[nemos],1000,1,20,1.9994233762961813,True,2005.0,0.7070998223281467,19.738105070346293,5.134113305847733e-08
latest,660e47a,synthetic,gpu,ProxSVRG[nemos],1000,1,20,2.0057136317016555,True,2004.0,0.7055528712004359,19.74007343056121,5.139442173967072e-08
latest,660e47a,synthetic,gpu,Newton[nemos],1000,100,10,2.0122456332843286,True,7.0,0.9935877042090523,0.1153785824388415,2.990815195562336e-08
latest,660e47a,synthetic,gpu,SVRG[nemos],10000,10,1,2.039067538373638,True,2015.0,0.685264751458026,0.9596526696220355,7.591454789877133e-08
latest,660e47a,synthetic,gpu,ProxSVRG[nemos],10000,10,1,2.039657985497615,True,2010.0,0.6849779134154178,0.9602897533164436,7.628626876379775e-08
latest,660e47a,synthetic,gpu,BFGS[optimistix],100,100,20,2.0401677179092075,True,1015.0,0.8681256089186281,-8.425114006062902,2.3343123990249383e-08
latest,660e47a,synthetic,gpu,BFGS[optimistix],100000,100,20,2.0422272105992305,True,42.0,0.9733317604382098,2.75263557722244,2.936819394740251e-07
latest,660e47a,synthetic,gpu,Newton[nemos],1000,100,20,2.075426008098293,True,8.0,0.993937982119745,0.7301699802680615,2.566088535369969e-08
latest,660e47a,synthetic,cpu,newton-cholesky[sklearn],1000,100,20,2.101491793990135,True,102.0,0.0,,
latest,660e47a,synthetic,gpu,LBFGS[optax+optimistix],1000,10,1,2.1031504632992437,True,8.0,0.9856240885745307,0.9638889796946156,3.867923127447159e-08
latest,660e47a,synthetic,cpu,ProximalGradient[optimistix],100000,100,10,2.108199033001438,True,89.0,0.13473808390146055,1.1321931104747132,0.0009443719777765
latest,660e47a,synthetic,gpu,BFGS[optimistix],100000,100,10,2.1226401941035875,True,35.0,0.978601362941505,1.0575393019334958,6.186947331209935e-08
latest,660e47a,synthetic,gpu,BFGS[optimistix],10000,100,10,2.1298100979009176,True,39.0,0.9826114136264174,1.1066246737587777,2.3249723998027693e-07
latest,660e47a,synthetic,gpu,LBFGS[optax+optimistix],10000,10,1,2.133416758806561,True,7.0,0.9857272673657105,0.9596526696220284,2.36946452245707e-09
latest,660e47a,synthetic,gpu,Newton[nemos],100,100,20,2.142443535104394,True,10.0,0.9936617517644415,-8.42511400602193,1.9734931349833177e-07
latest,660e47a,synthetic,gpu,LBFGS[optax+optimistix],100000,10,1,2.1775249711063225,True,6.0,0.9860848507526587,0.9643608129124172,1.2979282139054078e-07
latest,660e47a,synthetic,gpu,LBFGS[optax+optimistix],100,10,1,2.185233409295324,True,11.0,0.9849137827333779,0.9680628623839006,9.551989247037429e-08
latest,660e47a,synthetic,cpu,GradientDescent[optimistix],100000,100,10,2.1917874867038334,True,91.0,0.135999764571846,1.0575393019360588,8.745799639376522e-07
latest,660e47a,synthetic,gpu,Newton[nemos],10000,10,20,2.1975306505104526,True,4.0,0.9959855578460075,18.76252283847069,5.781865670267949e-09
latest,660e47a,synthetic,gpu,ProxSVRG[nemos],100000,10,1,2.20052585703088,True,1960.0,0.6606467846908137,0.9649932883428752,7.429120099287055e-08
latest,660e47a,synthetic,gpu,SVRG[nemos],100000,10,1,2.2046253806969616,True,1964.0,0.6651456510092377,0.9643608129124044,7.45303446771095e-08
latest,660e47a,synthetic,gpu,Newton[nemos],10000,10,10,2.226908265199745,True,4.0,0.9961886894067042,9.400467400486598,6.126622351804166e-10
latest,660e47a,synthetic,gpu,LBFGS[optax+optimistix],100000,1,1,2.257236257297336,True,5.0,0.9867829829249934,0.993059943863124,1.5043082502320254e-10
latest,660e47a,synthetic,gpu,Newton[nemos],10000,100,20,2.277415272995131,True,6.0,0.9885989159271906,2.584625333617088,1.6216411351764608e-12
latest,660e47a,synthetic,gpu,ProxSVRG[nemos],1000,10,1,2.2884731058205943,True,2178.0,0.7067777627493924,0.964409194964882,6.639333810856686e-08
latest,660e47a,synthetic,cpu,newton-cholesky[sklearn],100000,10,20,2.2994659697054884,True,60.0,0.0,,
latest,660e47a,synthetic,gpu,ProxSVRG[nemos],100,100,1,2.2997770103858786,False,4000.0,0.6038772874880848,-0.9764833007167782,0.0079345533902519
latest,660e47a,synthetic,gpu,SVRG[nemos],100,100,1,2.305098378693219,False,4000.0,0.6078827965486943,-0.9981239069343808,0.0081880707211787
latest,660e47a,synthetic,gpu,SVRG[nemos],1000,10,1,2.3053079879086,True,2183.0,0.7131012634546756,0.963888979694621,6.662067236588853e-08
latest,660e47a,synthetic,gpu,LBFGS[optax+optimistix],10000,1,1,2.3420759118977004,True,5.0,0.9872561287085132,0.9913677483947868,1.893091261008506e-12
latest,660e47a,synthetic,gpu,LBFGS[optax+optimistix],100,1,1,2.3934072782984,True,5.0,0.987295403904402,0.9814204227507404,8.098755126001878e-12
latest,660e47a,synthetic,gpu,ProxSVRG[nemos],100000,1,10,2.421805639797822,True,1790.0,0.5978914292400629,9.923000117680573,6.64074336438527e-08
latest,660e47a,synthetic,gpu,SVRG[nemos],100000,1,10,2.431245226890314,True,1791.0,0.5991550307243458,9.92237471291668,6.65060721672002e-08
latest,660e47a,synthetic,gpu,LBFGS[optax+optimistix],1000,1,1,2.4551448337966577,True,5.0,0.9879002581535407,0.9859889394744232,1.1506822851872246e-12
latest,660e47a,synthetic,gpu,Newton[nemos],100000,10,10,2.4575561117264444,True,4.0,0.9952085368795478,9.41164073485411,3.5714620117647394e-10
latest,660e47a,synthetic,gpu,LBFGS[optax+optimistix],1000,1,10,2.495202551403781,True,7.0,0.9865360708669462,9.88181695031656,1.7946492229613644e-08
latest,660e47a,synthetic,cpu,Newton[nemos],100000,100,20,2.498271928302711,True,5.0,0.15731586543458742,2.752635577222263,9.38970446794779e-09
latest,660e47a,synthetic,gpu,LBFGS[optax+optimistix],100,1,10,2.502532669791253,True,9.0,0.9862845699990357,9.734940360642463,1.4136574420212013e-07
latest,660e47a,synthetic,gpu,LBFGS[optax+optimistix],1000,10,10,2.511870679599815,True,12.0,0.9879989360467439,9.36989132548398,5.4791938861042944e-08
latest,660e47a,synthetic,gpu,Newton[nemos],100000,10,20,2.5173412030097095,True,4.0,0.9945964262650232,18.780052109588325,7.070104228413742e-09
latest,660e47a,synthetic,gpu,Newton[nemos],10000,100,10,2.569189944502432,True,5.0,0.9920208252610683,1.1066246737586818,5.460447783690868e-08
latest,660e47a,synthetic,gpu,LBFGS[optax+optimistix],100,10,10,2.620747923606541,True,21.0,0.9868093544844643,8.807686810942943,1.1367301100983397e-07
latest,660e47a,synthetic,gpu,LBFGS[optax+optimistix],100,1,20,2.6755708170996515,True,11.0,0.9860135729098618,19.50871546031976,1.0717986133649497e-08
latest,660e47a,synthetic,gpu,ProxSVRG[nemos],100000,1,20,2.691258146596374,True,2017.0,0.5627168339893942,19.787656908669007,5.332969124551695e-08
latest,660e47a,synthetic,gpu,LBFGS[optax+optimistix],1000,1,20,2.6958080293028615,True,8.0,0.9865790303898351,19.73810507034629,1.6581590279714318e-08
latest,660e47a,synthetic,gpu,LBFGS[optax+optimistix],100000,1,10,2.696931651304476,True,6.0,0.9872653965674403,9.922374712916694,1.1822737338044664e-07
latest,660e47a,synthetic,gpu,SVRG[nemos],100000,1,20,2.6969433803111316,True,2017.0,0.5670913274205452,19.78602482710611,5.3602213366922905e-08
latest,660e47a,synthetic,cpu,ProximalGradient[optimistix],100000,100,20,2.736982517002616,True,93.0,0.10929235668648432,2.901867125004184,0.0019926540525856
latest,660e47a,synthetic,gpu,LBFGS[optax+optimistix],1000,10,20,2.7426625243970193,True,13.0,0.9884879358521825,18.715454669007155,3.355986759665105e-08
latest,660e47a,synthetic,gpu,ProxSVRG[nemos],100,100,10,2.7720815661014058,False,4000.0,0.6457152855011623,-4.234962031122435,0.0104233673470196
latest,660e47a,synthetic,gpu,SVRG[nemos],100,100,10,2.7837584223016165,False,4000.0,0.6468820836442583,-4.431480122896147,0.0106383724970368
latest,660e47a,synthetic,gpu,LBFGS[optax+optimistix],100,10,20,2.78433340130141,True,25.0,0.986331405966087,17.45284767619682,1.8861078335957737e-07
latest,660e47a,Mouse32-140822.nwb,gpu,BFGS[optimistix],195820,152,19,2.785398151399568,True,548.0,0.7166936472816332,3.544191560973407,6.728129349542872e-08
latest,660e47a,synthetic,gpu,ProxSVRG[nemos],100,10,10,2.785653952503344,False,4000.0,0.6307082185961806,8.819203434297284,0.0016304245967104
latest,660e47a,synthetic,gpu,LBFGS[optax+optimistix],1000,100,1,2.788299366598949,True,25.0,0.9842338642243756,-0.3315235602681562,3.3087187083571945e-07
latest,660e47a,synthetic,gpu,LBFGS[optax+optimistix],100000,100,1,2.7897399061941544,True,10.0,0.9862013528168688,-0.1414054757588763,1.0697286748436894e-08
latest,660e47a,synthetic,gpu,Newton[nemos],100000,100,20,2.7917427747976036,True,5.0,0.9829047380740711,2.7526355772222626,9.389704476621408e-09
latest,660e47a,synthetic,cpu,GradientDescent[optimistix],100000,100,20,2.8005184201058,True,91.0,0.11129489164656195,2.752635577224321,6.498406026999963e-07
latest,660e47a,synthetic,gpu,SVRG[nemos],100,10,10,2.8082885472045747,False,4000.0,0.6358710723961019,8.80768681096718,1.9899988084118303e-06
latest,660e47a,synthetic,gpu,LBFGS[optax+optimistix],10000,100,1,2.8085671085922512,True,13.0,0.9863669213505404,-0.217381036564535,5.2350712687548135e-08
latest,660e47a,synthetic,gpu,ProxSVRG[nemos],1000,10,10,2.8093278465006732,True,2598.0,0.7306956428813829,9.378434232537554,5.8386110489763734e-08
latest,660e47a,synthetic,gpu,SVRG[nemos],1000,10,10,2.8109835669980385,True,2603.0,0.7332314943099921,9.369891325483984,5.829484185475299e-08
latest,660e47a,synthetic,gpu,Newton[nemos],100000,100,10,2.8116044386988506,True,5.0,0.9892255825311885,1.057539301933473,9.896234037104492e-09
latest,660e47a,synthetic,gpu,ProxSVRG[nemos],100,100,20,2.8147336655121764,False,4000.0,0.634748033667988,-7.490228043267235,0.0126415222651598
latest,660e47a,synthetic,gpu,SVRG[nemos],100,100,20,2.8185110362945123,False,4000.0,0.6392185327582883,-7.878830012183679,0.0130599565542876
latest,660e47a,synthetic,gpu,ProxSVRG[nemos],1000,10,20,2.8395356758963315,True,2626.0,0.7236532359950223,18.732032497261777,5.7950333701845005e-08
latest,660e47a,synthetic,gpu,SVRG[nemos],100,10,20,2.8538090515008663,False,4000.0,0.6324052320798618,17.452847676340003,4.862156303298004e-06
latest,660e47a,synthetic,gpu,SVRG[nemos],1000,10,20,2.855658429907635,True,2630.0,0.7280342988605883,18.71545466900716,5.7720816473705305e-08
latest,660e47a,synthetic,gpu,ProxSVRG[nemos],100,10,20,2.859982692997437,False,4000.0,0.6296432060186946,17.476004757999196,0.000908376928286
latest,660e47a,synthetic,gpu,ProxSVRG[nemos],10000,100,1,2.8672416185960174,True,2713.0,0.6470841162465142,-0.2092030626699366,8.461343491139585e-08
latest,660e47a,Mouse32-140822.nwb,gpu,Newton[nemos],195820,152,19,2.8972924290050286,True,9.0,0.8510950734664385,3.544191560973079,1.374350566704874e-09
latest,660e47a,synthetic,cpu,BFGS[optimistix],100,100,20,2.9090364949021024,True,1015.0,0.112161325655981,-8.4251140060629,2.33430964928223e-08
latest,660e47a,synthetic,gpu,SVRG[nemos],10000,100,1,2.9147532845905517,True,2723.0,0.6492843859241452,-0.2173810365645322,8.475122456174516e-08
latest,660e47a,synthetic,gpu,ProxSVRG[nemos],10000,10,10,2.957818037830293,True,2346.0,0.7139264038327978,9.408504224583703,0.0007907456472834
latest,660e47a,synthetic,gpu,LBFGS[optax+optimistix],10000,1,10,2.9647093242092524,True,6.0,0.9894624162580916,9.91904842139155,3.7138350735774776e-08
latest,660e47a,synthetic,gpu,SVRG[nemos],10000,10,10,2.967931027902523,True,2350.0,0.7161582866873974,9.400467400486605,5.5768973010808533e-08
latest,660e47a,synthetic,gpu,LBFGS[optax+optimistix],100000,1,20,2.9980446614034006,True,8.0,0.9868645198193313,19.786024827106107,2.8380524784405543e-08
latest,660e47a,synthetic,gpu,LBFGS[optax+optimistix],100000,10,10,2.9985814964049498,True,10.0,0.98906842643588,9.41164073485415,9.075658657670821e-08
latest,660e47a,synthetic,gpu,ProxSVRG[nemos],10000,1,10,3.037888127399492,True,1810.0,0.4531658197134189,9.919704051385455,5.384735096529426e-08
latest,660e47a,synthetic,gpu,LBFGS[optax+optimistix],10000,10,10,3.0401597341056914,True,11.0,0.9883865327235117,9.4004674004866,2.7931556148943007e-08
latest,660e47a,synthetic,gpu,SVRG[nemos],10000,1,10,3.059832620189991,True,1811.0,0.45885218226282715,9.919048421391553,5.392791545873883e-08
latest,660e47a,synthetic,gpu,LBFGS[optax+optimistix],100,100,1,3.0622721633990295,True,588.0,0.8992304212455476,-1.025712506632375,4.853464533326494e-07
latest,660e47a,synthetic,gpu,LBFGS[optax+optimistix],10000,1,20,3.06535506650107,True,8.0,0.9886978601070269,19.7816497989091,3.626648196103409e-08
latest,660e47a,synthetic,gpu,LBFGS[optax+optimistix],100000,10,20,3.0750662808888594,True,13.0,0.9878334421521202,18.780052109588325,2.251259876673121e-08
latest,660e47a,synthetic,gpu,LBFGS[optax+optimistix],1000,100,10,3.087110868806485,True,35.0,0.9867695637583165,0.11537858243920489,3.2012374041071e-07
latest,660e47a,synthetic,gpu,LBFGS[optax+optimistix],10000,100,20,3.097044163790997,True,23.0,0.9878509374313937,2.584625333617443,4.6595893326596693e-07
latest,660e47a,synthetic,gpu,SVRG[nemos],1000,100,1,3.1076632181036983,True,3940.0,0.59639540246546,-0.3315235602685012,7.320596637737375e-08
latest,660e47a,synthetic,gpu,ProxSVRG[nemos],1000,100,1,3.116454617906129,True,3911.0,0.5978968618687632,-0.3226744528367353,7.31217202828982e-08
latest,660e47a,synthetic,cpu,newton-cholesky[sklearn],1000,100,10,3.14413874130114,True,53.0,0.0,,
latest,660e47a,synthetic,gpu,LBFGS[optax+optimistix],10000,10,20,3.1450119405111763,True,12.0,0.9900908207086456,18.762522838470705,4.7879979383179394e-08
latest,660e47a,synthetic,gpu,LBFGS[optax+optimistix],1000,100,20,3.1855800665041896,True,39.0,0.9857642218875101,0.7301699802700787,3.318798663734524e-07
latest,660e47a,synthetic,cpu,SVRG[nemos],10000,1,10,3.1896071337047034,True,1811.0,0.08620663135327947,9.919048421391553,5.392791545960619e-08
latest,660e47a,synthetic,cpu,ProxSVRG[nemos],10000,1,10,3.190374470001552,True,1810.0,0.08771596383617973,9.919704051385455,5.384735095401856e-08
latest,660e47a,synthetic,gpu,SVRG[nemos],100000,100,1,3.2265424294979312,True,2634.0,0.48013632253788907,-0.1414054757588683,8.539501679567797e-08
latest,660e47a,synthetic,gpu,ProxSVRG[nemos],100000,100,1,3.240558984107338,True,2625.0,0.4794733505772067,-0.1333702928290744,8.542115687536211e-08
latest,660e47a,synthetic,gpu,LBFGS[optax+optimistix],100000,100,20,3.3101372278120835,True,20.0,0.9840156060895632,2.752635577222598,4.7005968746680244e-07
latest,660e47a,synthetic,gpu,SVRG[nemos],10000,1,20,3.3387256205896847,True,2032.0,0.43561807252202145,19.781649798909104,5.556310091452826e-08
latest,660e47a,synthetic,gpu,SVRG[nemos],1000,100,20,3.346967371297069,False,4000.0,0.6263686663594841,0.7301699802680756,5.485192112325564e-08
latest,660e47a,synthetic,gpu,ProxSVRG[nemos],10000,1,20,3.3488238887919577,True,2031.0,0.4352798102477597,19.783354640114624,5.56873307206579e-08
latest,660e47a,synthetic,gpu,ProxSVRG[nemos],1000,100,20,3.349420609988738,True,3983.0,0.6260331057907355,0.8851765715996862,0.0018226360286419
latest,660e47a,synthetic,gpu,SVRG[nemos],1000,100,10,3.3506761624128556,True,3911.0,0.634316444438505,0.11537858243885228,4.7046467380705566e-08
latest,660e47a,synthetic,gpu,LBFGS[optax+optimistix],100000,100,10,3.367930915695615,True,19.0,0.9863925789401604,1.0575393019338266,3.857474780679304e-07
latest,660e47a,synthetic,gpu,ProxSVRG[nemos],1000,100,10,3.3695268645999024,True,3861.0,0.6368255991646139,0.1920991937808309,0.0019398007218143
latest,660e47a,synthetic,gpu,LBFGS[optax+optimistix],100,100,10,3.3748304923967227,True,1004.0,0.8585483897356821,-4.692949642980249,7.527587327105798e-07
latest,660e47a,synthetic,gpu,LBFGS[optax+optimistix],10000,100,10,3.4713589796039743,True,22.0,0.9898159185878527,1.106624673758769,3.180160961617496e-07
latest,660e47a,synthetic,gpu,ProxSVRG[nemos],10000,10,20,3.472857806098182,True,2462.0,0.697865349455053,18.77849600815015,0.001333882856357
latest,660e47a,synthetic,gpu,LBFGS[optax+optimistix],100,100,20,3.508702066296246,True,1019.0,0.8501350343953027,-8.42511400587911,3.787369042141786e-07
latest,660e47a,synthetic,gpu,SVRG[nemos],10000,10,20,3.5231119206000585,True,2465.0,0.7013902074983095,18.7625228384707,6.72232630533065e-08
latest,660e47a,synthetic,cpu,newton-cholesky[sklearn],10000,100,10,4.140147577703464,True,42.0,0.0,,
latest,660e47a,synthetic,gpu,ProxSVRG[nemos],10000,100,20,4.163813127798494,True,2989.0,0.6570212210579423,2.734100033498062,0.0019585319722612
latest,660e47a,synthetic,gpu,SVRG[nemos],10000,100,10,4.2433436026971325,True,2968.0,0.6813609709841417,1.106624673758689,3.7046481315798636e-08
latest,660e47a,synthetic,cpu,newton-cholesky[sklearn],10000,100,20,4.252996056008851,True,87.0,0.0,,
latest,660e47a,synthetic,gpu,ProxSVRG[nemos],10000,100,10,4.273460177506786,True,2954.0,0.6867686580112046,1.181302151469222,0.0012758017561944
latest,660e47a,synthetic,gpu,SVRG[nemos],10000,100,20,4.284455026104115,True,3003.0,0.660859130358459,2.584625333617097,2.9401250370084127e-08
latest,660e47a,synthetic,cpu,LBFGS[scipy],100,100,1,4.400192509195767,True,627.0,0.0,-1.0257125065102053,9.824307015442386e-07
latest,660e47a,synthetic,gpu,ProxSVRG[nemos],100000,10,10,4.42306168769719,True,2366.0,0.5902709904604587,9.419668774093331,6.4091289740339e-08
latest,660e47a,synthetic,gpu,SVRG[nemos],100000,10,10,4.429274982400239,True,2370.0,0.5932764538065307,9.41164073485412,6.395533264850865e-08
latest,660e47a,synthetic,gpu,ProxSVRG[nemos],100000,10,20,4.592174018296646,True,2460.0,0.5548638077047373,18.796035215180584,0.0010396986690507
latest,660e47a,synthetic,gpu,SVRG[nemos],100000,10,20,4.62459926760639,True,2464.0,0.557637556984826,18.78005210958833,6.860052833407813e-08
latest,660e47a,synthetic,cpu,ProxSVRG[nemos],10000,1,20,5.031193253211677,True,2031.0,0.051884130540328255,19.78335464011462,5.568733071079166e-08
latest,660e47a,synthetic,cpu,SVRG[nemos],10000,1,20,5.061030830390519,True,2032.0,0.0510656548145059,19.781649798909104,5.556310091702194e-08
latest,660e47a,synthetic,cpu,newton-cholesky[sklearn],100000,100,10,5.433257872302784,True,41.0,0.0,,
latest,660e47a,synthetic,cpu,ProxSVRG[nemos],1000,100,10,5.514389768289402,True,3861.0,0.048780339605682975,0.192099193780831,0.0019398007218143997
latest,660e47a,synthetic,cpu,ProxSVRG[nemos],10000,100,1,5.6422864764055705,True,2713.0,0.04666847984797788,-0.2092030626699366,8.461343493307989e-08
latest,660e47a,synthetic,cpu,SVRG[nemos],1000,100,10,5.695984221703839,True,3911.0,0.050117275315626805,0.11537858243885242,4.7046467430145185e-08
latest,660e47a,synthetic,cpu,SVRG[nemos],10000,100,1,5.724576611991506,True,2723.0,0.04526346477661636,-0.21738103656453206,8.475122450710137e-08
latest,660e47a,synthetic,gpu,ProxSVRG[nemos],100000,100,10,6.138050295098219,True,2858.0,0.4447371659760925,1.1321931104725782,0.0009443733602932001
latest,660e47a,synthetic,gpu,SVRG[nemos],100000,100,10,6.192256795294815,True,2870.0,0.4500514700435455,1.0575393019334818,3.327430422644592e-08
latest,660e47a,synthetic,cpu,LBFGS[scipy],100,100,20,6.433249675802654,True,934.0,0.0,-8.425114005128046,8.847265246357408e-07
latest,660e47a,synthetic,gpu,SVRG[nemos],100000,100,20,6.583633168396773,True,2918.0,0.38790932496194763,2.752635577222271,2.2883426797773793e-08
latest,660e47a,synthetic,gpu,ProxSVRG[nemos],100000,100,20,6.595583695100504,True,2907.0,0.3829352182935902,2.9018671250015413,0.0019926559696172
latest,660e47a,synthetic,cpu,SVRG[nemos],10000,10,10,6.603765477199341,True,2350.0,0.04101835397114105,9.400467400486605,5.576897301514534e-08
latest,660e47a,synthetic,cpu,ProxSVRG[nemos],1000,100,20,6.636282758100424,True,3983.0,0.04057461628588142,0.8851765715996859,0.0018226360286419
latest,660e47a,synthetic,cpu,ProxSVRG[nemos],10000,10,10,6.800207048299489,True,2346.0,0.04090859924132568,9.408504224583703,0.0007907456472834
latest,660e47a,synthetic,cpu,ProxSVRG[nemos],100000,1,1,6.914530510292389,True,1519.0,0.0348204553260462,0.9931254620309924,7.96119745383704e-08
latest,660e47a,synthetic,cpu,SVRG[nemos],1000,100,20,6.942526589886984,False,4000.0,0.03939151723719255,0.7301699802680759,5.485192129499329e-08
latest,660e47a,synthetic,cpu,LBFGS[scipy],100,100,10,7.407010720501421,True,945.0,0.0,-4.692949642588764,8.0418252595434e-07
latest,660e47a,synthetic,cpu,SVRG[nemos],100000,1,1,7.62403108990402,True,1520.0,0.03280413943624103,0.9930599438631296,7.974430784729994e-08
latest,660e47a,synthetic,gpu,LBFGS[scipy],100,100,1,7.976155934401322,True,670.0,0.0,-1.0257125065258883,9.518019210133836e-07
latest,660e47a,Mouse32-140822.nwb,gpu,LBFGS[optax+optimistix],195820,152,19,8.54380993959494,True,2009.0,0.39328571144486546,3.544191564210763,9.883824941920982e-06
latest,660e47a,synthetic,cpu,ProxSVRG[nemos],10000,10,20,9.1526880839956,True,2462.0,0.02745312878381965,18.77849600815015,0.001333882856357
latest,660e47a,synthetic,cpu,SVRG[nemos],10000,10,20,9.319136112200795,True,2465.0,0.027781939977885285,18.762522838470705,6.722326300299952e-08
latest,660e47a,Mouse32-140822.nwb,cpu,Newton[nemos],195820,152,19,9.576775529806037,True,9.0,0.03934339608139202,3.544191560973079,1.3743505688614202e-09
latest,660e47a,Mouse32-140822.nwb,gpu,ProximalGradient[optimistix],195820,152,19,10.042432363098488,False,4000.0,0.14018780169668935,3.611101231641869,0.0020002190699314
latest,660e47a,synthetic,cpu,newton-cholesky[sklearn],100000,100,20,10.109372866299235,True,83.0,0.0,,
latest,660e47a,Mouse32-140822.nwb,gpu,GradientDescent[optimistix],195820,152,19,10.165897181199398,False,4000.0,0.15051007266782662,3.5442024062180018,7.081445481034031e-05
latest,660e47a,synthetic,gpu,LBFGS[scipy],100,100,20,11.454634242400061,True,930.0,0.0,-8.4251140048697,8.912508563292687e-07
latest,660e47a,synthetic,gpu,LBFGS[scipy],100,100,10,11.711978269106476,True,956.0,0.0,-4.692949642715714,8.781876577949031e-07
latest,660e47a,synthetic,cpu,SVRG[nemos],100000,10,1,13.685130498185753,True,1964.0,0.019340999553894442,0.9643608129124044,7.453034467060429e-08
latest,660e47a,Mouse32-140822.nwb,gpu,SVRG[nemos],195820,152,19,13.750996387394844,False,4000.0,0.16869848360080736,3.5630596927972022,0.0051153716359402
latest,660e47a,Mouse32-140822.nwb,gpu,ProxSVRG[nemos],195820,152,19,13.875607522798237,False,4000.0,0.16734933958329398,3.62253973209272,0.005496838516614
latest,660e47a,synthetic,cpu,ProxSVRG[nemos],100000,10,1,14.210028706601587,True,1960.0,0.019103422446467545,0.9649932883428752,7.429120099980946e-08
latest,660e47a,synthetic,cpu,ProxSVRG[nemos],100000,1,10,18.365381677285768,True,1790.0,0.01579239858920172,9.923000117680573,6.640743364233481e-08
latest,660e47a,Mouse32-140822.nwb,cpu,BFGS[optimistix],195820,152,19,18.420896801003256,True,548.0,0.01799486924860945,3.544191560973407,6.728129193925342e-08
latest,660e47a,synthetic,cpu,SVRG[nemos],100000,1,10,18.50830411380739,True,1791.0,0.014569772333460093,9.92237471291668,6.650607216579073e-08
latest,660e47a,Mouse32-140822.nwb,cpu,newton-cholesky[sklearn],195820,152,19,22.42486208261107,True,110.0,0.0,,
latest,660e47a,synthetic,cpu,ProxSVRG[nemos],10000,100,10,23.562494299799436,True,2954.0,0.011428291213269715,1.1813021514692217,0.0012758017561944
latest,660e47a,synthetic,cpu,SVRG[nemos],10000,100,10,23.897904054098763,True,2968.0,0.011651080314376122,1.106624673758689,3.704648126375693e-08
latest,660e47a,synthetic,cpu,SVRG[nemos],100000,1,20,28.873768809693864,True,2017.0,0.009375612564601735,19.78602482710611,5.360221336562186e-08
latest,660e47a,synthetic,cpu,ProxSVRG[nemos],10000,100,20,29.293981721496674,True,2989.0,0.008864195162672926,2.734100033498062,0.0019585319722612
latest,660e47a,synthetic,cpu,ProxSVRG[nemos],100000,1,20,32.24397408150253,True,2017.0,0.008689731609628324,19.787656908669007,5.332969124486643e-08
latest,660e47a,Mouse32-140822.nwb,gpu,LBFGS[scipy],195820,152,19,32.29087810860947,True,2499.0,0.0,3.544191561024409,8.931351019778141e-07
latest,660e47a,synthetic,cpu,SVRG[nemos],10000,100,20,34.33649876369164,True,3003.0,0.007976955749065703,2.584625333617097,2.9401250358591577e-08
latest,660e47a,synthetic,cpu,ProxSVRG[nemos],100000,10,10,34.55759102900629,True,2366.0,0.007908119119991452,9.419668774093331,6.409128974261581e-08
latest,660e47a,synthetic,cpu,SVRG[nemos],100000,10,10,36.442202470998744,True,2370.0,0.007485601099638815,9.41164073485412,6.395533265544756e-08
latest,660e47a,synthetic,cpu,ProxSVRG[nemos],100000,10,20,44.46338598311413,True,2460.0,0.005982744224434783,18.79603521518058,0.0010396986690507
latest,660e47a,synthetic,cpu,SVRG[nemos],100000,10,20,49.37202718841145,True,2464.0,0.005460294444400511,18.780052109588333,6.86005283215014e-08
latest,660e47a,synthetic,cpu,ProxSVRG[nemos],100000,100,1,51.93144412571564,True,2625.0,0.00534014312142518,-0.1333702928290744,8.542115688793887e-08
latest,660e47a,synthetic,cpu,SVRG[nemos],100000,100,1,79.18918900680728,True,2634.0,0.0038794931893638674,-0.1414054757588683,8.539501681931358e-08
latest,660e47a,synthetic,cpu,ProxSVRG[nemos],100000,100,10,102.11441997619696,True,2858.0,0.003022188087013211,1.132193110472578,0.0009443733602932001
latest,660e47a,synthetic,cpu,SVRG[nemos],100000,100,10,102.32361632489483,True,2870.0,0.002894713275387893,1.0575393019334818,3.32743042247112e-08
latest,660e47a,Mouse32-140822.nwb,cpu,LBFGS[optax+optimistix],195820,152,19,114.79509056350216,True,1907.0,0.005160064531385203,3.5441915694796178,4.3973308892804415e-05
latest,660e47a,synthetic,cpu,SVRG[nemos],100000,100,20,132.95741882971487,True,2918.0,0.002177779233168448,2.752635577222271,2.2883426798505623e-08
latest,660e47a,synthetic,cpu,ProxSVRG[nemos],100000,100,20,143.06694571549306,True,2907.0,0.0021161594887102665,2.9018671250015413,0.0019926559696172
latest,660e47a,Mouse32-140822.nwb,cpu,ProximalGradient[optimistix],195820,152,19,212.4930398472934,False,4000.0,0.001344226902775584,3.61110129955443,0.001998419085993
latest,660e47a,Mouse32-140822.nwb,cpu,GradientDescent[optimistix],195820,152,19,230.90154615459613,False,4000.0,0.0013351191214504836,3.5442024062180018,7.081445481062638e-05
latest,660e47a,Mouse32-140822.nwb,cpu,LBFGS[scipy],195820,152,19,321.299718161294,True,2493.0,0.0,3.544191561037791,9.746180109186308e-07
latest,660e47a,Mouse32-140822.nwb,cpu,SVRG[nemos],195820,152,19,348.84097312890225,False,4000.0,0.0007488814819485718,3.5630596927972022,0.0051153716359402
latest,660e47a,Mouse32-140822.nwb,cpu,ProxSVRG[nemos],195820,152,19,374.15009084690826,False,4000.0,0.0007441583134179223,3.6225397320927177,0.005496838516614
